fitness,error free replication,repair,duplex rate,MRCA 0,MRCA 1,MRCA 2,MRCA 3,MRCA 4,MRCA 5-10,MRCA 5-300,egfr_c3h_sd_mse,braf_c3h_sd_mse,hras1_c3h_sd_mse,hras0_c3h_sd_mse,b,p,q,q/p,w_prime,w_prime - e*p_prime - (1-e)*q_prime
0.4,0.0,0.05,0.05,0.038095238095238106,0.38476190476190475,0.23085714285714284,0.13851428571428573,0.08310857142857143,0.11884658688000004,0.12466285714285719,0.039142857142857174,0.0,0.0,0.0919047619047619,0.7,0.3,0.5714285714285714,1.9047619047619047,0.9999999999999999,0.0
0.45,0.0,0.05,0.05,0.04285714285714287,0.4307142857142858,0.23689285714285713,0.13029107142857144,0.07166008928571428,0.08516015701971678,0.08758455357142857,0.03310714285714289,0.0,0.0,0.08714285714285713,0.725,0.32586206896551717,0.6206896551724138,1.9047619047619053,1.0,0.0
0.5,0.0,0.05,0.05,0.047619047619047616,0.47619047619047616,0.23809523809523808,0.11904761904761904,0.05952380952380952,0.05859374999999999,0.05952380952380952,0.04127777701479873,0.0,0.0006734350297014753,0.08238095238095239,0.75,0.35,0.6666666666666666,1.9047619047619049,1.0,0.0
0.45,0.05,0.05,0.05,0.04275749148622817,0.41157639928640455,0.24032005751016614,0.1359799785887996,0.0758260392633213,0.09094036762107681,0.0935400338650802,0.029679942489833883,0.0,0.0,0.08724250851377183,0.725,0.31595679433010765,0.6153950198813637,1.9477188999404988,0.9673483416394569,0.0
0.5,0.05,0.05,0.05,0.04750807473731552,0.45496330594055345,0.24344364548836817,0.12571232087370696,0.06385378496923422,0.06350564590425092,0.06451886799082138,0.0270161871996587,0.0,0.0,0.08249192526268448,0.75,0.3397083333333333,0.6616527777777776,1.9477084099922317,0.9683333333333333,0.0
0.5,0.1,0.05,0.05,0.04738604172031935,0.43384689672933313,0.24823775914241572,0.132338886150367,0.06832719480221278,0.06875862295407903,0.06986322145535227,0.021762240857584297,0.0,0.0,0.08261395827968065,0.75,0.32906779661016944,0.6564689265536723,1.9949351875697487,0.9355932203389831,0.0
0.5,0.15000000000000002,0.05,0.05,0.047251208384153226,0.4128586755206215,0.2524782349686046,0.1389025642165831,0.07293372995966876,0.07437019061289392,0.07557558695036871,0.01752176503139541,0.0,0.0,0.08274879161584678,0.75,0.31806034482758616,0.6511063218390803,2.047115688666034,0.9017241379310345,1.1102230246251565e-16
0.55,0.15000000000000002,0.05,0.05,0.05197548549324712,0.45165570561345403,0.25524077082968494,0.1280977528270452,0.061015072513127856,0.05157123716352298,0.052015212723440646,0.014851808199014108,0.0,0.007984787276559352,0.07802451450675288,0.775,0.33959456973919816,0.6951771137065669,2.0470795932939945,0.9044105316116049,1.1102230246251565e-16
0.55,0.2,0.05,0.05,0.05181041497152157,0.42877849369406024,0.26080241026622253,0.13556240725367005,0.06588558806068714,0.0566650849739893,0.057160685753838404,0.00919758973377749,0.0,0.0028393142461615936,0.07818958502847843,0.775,0.32778028808534554,0.6899836891235108,2.1050188623418893,0.8701742398360096,1.1102230246251565e-16
1.0,0.9500000000000001,0.05,0.05,0.06610169491525424,0.3744247881355934,0.30701109242584745,0.13853875545716365,0.06251561340004509,0.050974010955685406,0.05140805566609629,0.0,0.0,0.008591944333903707,0.06389830508474577,1.0,0.1343963553530751,1.0,7.440677966101699,0.1776765375854213,0.0
0.8500000000000001,1.0,0.05,0.05,0.04250000000000001,0.42728437500000005,0.26560301953124993,0.13631353935058588,0.06663352102659298,0.06092171680338007,0.06166554509157099,0.004396980468750089,0.0,0.0,0.0875,0.925,0.0815347721822542,0.8592552984639317,10.538513513513514,0.08872901678657076,1.3877787807814457e-17
0.9000000000000001,1.0,0.05,0.05,0.04500000000000001,0.45123750000000024,0.2584409062500001,0.12770303273437503,0.06140794813066408,0.05554418020476714,0.05621061288496095,0.011625147507506633,0.0,0.003789387115039046,0.08499999999999999,0.9500000000000001,0.0861244019138756,0.9064593301435407,10.525,0.09090909090909091,0.0
0.9500000000000001,1.0,0.05,0.05,0.04750000000000001,0.47505937500000006,0.24886890234374998,0.11965490849121091,0.05704220485643919,0.05126931346172234,0.05187460930859983,0.03277949913510888,0.0,0.008646995200597977,0.08249999999999999,0.9750000000000001,0.09069212410501193,0.9533718866654428,10.512179487179488,0.09307875894988067,0.0
0.4,0.0,0.1,0.05,0.04000000000000001,0.38400000000000006,0.23040000000000002,0.13824000000000003,0.082944,0.11861124710400003,0.12441600000000005,0.039599999999999996,0.0,0.0,0.09,0.7,0.28571428571428575,0.5714285714285715,2.0,1.0,0.0
0.45,0.0,0.1,0.05,0.045000000000000005,0.4297500000000001,0.2363625,0.12999937500000003,0.07149965625,0.08496949995176217,0.08738846874999998,0.033637500000000015,0.0,0.0,0.08499999999999999,0.725,0.3103448275862069,0.6206896551724138,2.0,1.0,0.0
0.5,0.0,0.1,0.05,0.05,0.4750000000000001,0.23750000000000004,0.11875000000000002,0.05937500000000001,0.058447265625000015,0.059375,0.04100304866714184,0.0,0.0008838834764831754,0.08,0.75,0.3333333333333333,0.6666666666666666,2.0,1.0,0.0
0.45,0.05,0.1,0.05,0.044886482254697296,0.41140541419298016,0.23991681540360674,0.13547862227137963,0.07542363205631519,0.0903101168663089,0.09288903382102098,0.03008318459639328,0.0,0.0,0.08511351774530271,0.725,0.3006424654867308,0.6155115751301058,2.0473208072373,0.9662930816550095,-1.1102230246251565e-16
0.5,0.05,0.1,0.05,0.04987331081081082,0.4546346336570946,0.24290697686272703,0.12514628915195986,0.06344787674667118,0.06298727870779251,0.06399091277073665,0.027486573665196683,0.0,0.0,0.08012668918918919,0.75,0.32323232323232315,0.6617526617526617,2.0472972972972974,0.9672399672399671,-1.1102230246251565e-16
0.5,0.1,0.1,0.05,0.0497340425531915,0.43438131648936174,0.24780534449800531,0.13151807545451713,0.06765336927463028,0.06782161054114101,0.06890785173029411,0.022194655501994703,0.0,0.0,0.0802659574468085,0.75,0.31281198003327787,0.6566833056017748,2.099290780141844,0.9334442595673877,0.0
0.5,0.15000000000000002,0.1,0.05,0.04958022388059701,0.4142576084421642,0.25219539596329876,0.1378431784544646,0.07198275507545976,0.0729643990406779,0.07414083818401573,0.017804604036701255,0.0,0.0,0.08041977611940299,0.75,0.30205691744153285,0.6514511129895745,2.1567164179104474,0.8985629754860524,-1.1102230246251565e-16
0.55,0.15000000000000002,0.1,0.05,0.0545363488034808,0.4530046722885695,0.25468441984985973,0.12687446250572024,0.060053561531727015,0.050415492146715105,0.05084653502064269,0.015607531864361786,0.0,0.00915346497935731,0.07546365119651921,0.775,0.3224796643184192,0.6954710091972288,2.156635242929659,0.9011450696103467,-1.1102230246251565e-16
0.55,0.2,0.1,0.05,0.054347742922723805,0.4310619056044377,0.26038453531094585,0.13405693871776592,0.06461835344572303,0.05505414035019708,0.05553052399840371,0.009615464689054165,0.0,0.004469476001596286,0.0756522570772762,0.775,0.31094481632476506,0.6904069295902587,2.2203519510328995,0.8659068052296346,0.0
0.8500000000000001,1.0,0.1,0.05,0.04250000000000001,0.4474718750000001,0.26726848828124994,0.13090729530761713,0.06084431805833126,0.050561742898090595,0.05100802335280146,0.0027315117187500793,0.0,0.008991976647198537,0.0875,0.925,0.07780320366132724,0.8621436081390315,11.081081081081079,0.08466819221967964,0.0
0.35000000000000003,0.0,0.1,0.1,0.06363636363636364,0.32772727272727276,0.21302272727272725,0.13846477272727267,0.09000210227272723,0.15454073805002916,0.16714676136363615,0.056977272727272765,0.0,0.0,0.06636363636363636,0.675,0.2851851851851852,0.5185185185185185,1.818181818181818,1.0,0.0
0.4,0.0,0.1,0.1,0.07272727272727275,0.37090909090909097,0.22254545454545455,0.13352727272727274,0.08011636363636364,0.1145676818618182,0.12017454545454548,0.04745454545454547,0.0,0.0,0.05727272727272725,0.7,0.3142857142857143,0.5714285714285715,1.8181818181818186,1.0,0.0
0.45,0.0,0.1,0.1,0.08181818181818183,0.4131818181818182,0.22725,0.1249875,0.068743125,0.08169366487508788,0.08401937499999998,0.04275000000000001,0.0,0.0018181818181818299,0.04818181818181817,0.725,0.3413793103448276,0.6206896551724138,1.8181818181818181,1.0,0.0
0.4,0.05,0.1,0.1,0.07242969409625254,0.35644949016042105,0.22435901996492832,0.13755766788512055,0.08335990351275122,0.11995979476038571,0.12584422438052684,0.04564098003507169,0.0,0.0,0.05757030590374747,0.7,0.30570832919686286,0.5666037923160926,1.8534130025329614,0.9687282835302291,0.0
0.45,0.05,0.1,0.1,0.08148183149836981,0.3969822473184332,0.23045627404904787,0.12988900457516891,0.07225170846302478,0.08647012492843269,0.08893893409595548,0.03954372595095215,0.0,0.0014818314983698067,0.048518168501630196,0.725,0.3323799385732235,0.6160250593326818,1.853376175400463,0.9696356275303643,-1.1102230246251565e-16
0.45,0.1,0.1,0.1,0.08111524408308372,0.38093056223048816,0.23326985732825312,0.13472497354199078,0.07583711776719256,0.09149985712366869,0.0941222450489917,0.0367301426717469,0.0,0.0011152440830837218,0.04888475591691628,0.725,0.32309683061142497,0.611213396043582,1.8917344218045358,0.9383139136394791,0.0
0.45,0.15000000000000002,0.1,0.1,0.08071415030933876,0.36504764333844597,0.2356932539541938,0.13947789780809627,0.07948958728804062,0.09678991119185204,0.09957746730188477,0.03430674604580622,0.0,0.0007141503093387597,0.04928584969066124,0.725,0.3135163528959754,0.6062475986936894,1.9337032760611441,0.9059888579387186,0.0
0.5,0.15000000000000002,0.1,0.1,0.08967709553287602,0.4013037476995148,0.24037193094361725,0.1306124804589468,0.06804320041359717,0.0688814556341915,0.06999154495144799,0.029628069056382766,0.0,0.009677095532876018,0.040322904467123985,0.75,0.337683615819209,0.6529378531073446,1.9335787184206124,0.9084745762711864,0.0
0.5,0.2,0.1,0.1,0.08918539325842696,0.38395716292134835,0.2437799332865169,0.13613533839536515,0.07198514642951195,0.07375823036500607,0.07495702570883075,0.02622006671348312,0.0,0.00918539325842696,0.04081460674157304,0.75,0.3273563218390805,0.6480459770114942,1.979634831460674,0.8758620689655173,-1.1102230246251565e-16
0.8,1.0,0.1,0.1,0.08000000000000002,0.4048,0.259808,0.13423168000000002,0.06469057280000001,0.05592940837360404,0.05646974720000002,0.010192000000000034,0.0,0.0035302527999999805,0.04999999999999999,0.9,0.14814814814814817,0.8222222222222223,5.55,0.16666666666666669,0.0
0.4,0.0,0.15000000000000002,0.05,0.04210526315789474,0.38315789473684214,0.22989473684210524,0.13793684210526314,0.08276210526315789,0.11835113472000001,0.12414315789473687,0.04010526315789478,0.0,0.0,0.08789473684210526,0.7,0.27142857142857146,0.5714285714285715,2.1052631578947367,1.0,0.0
0.45,0.0,0.15000000000000002,0.05,0.04736842105263158,0.4286842105263158,0.2357763157894737,0.12967697368421058,0.0713223355263158,0.08475877371875976,0.08717174342105262,0.03422368421052632,0.0,0.0,0.08263157894736842,0.725,0.29482758620689653,0.6206896551724138,2.105263157894737,1.0,0.0
0.5,0.0,0.15000000000000002,0.05,0.05263157894736842,0.47368421052631576,0.23684210526315788,0.11842105263157894,0.05921052631578947,0.05828536184210526,0.05921052631578946,0.040747856528096656,0.0,0.0011164843913471867,0.07736842105263159,0.75,0.31666666666666665,0.6666666666666666,2.1052631578947367,1.0,0.0
0.45,0.05,0.15000000000000002,0.05,0.04723874256584537,0.4111776550552251,0.23942678283772303,0.13492482426474087,0.07499923620938181,0.08967410818039356,0.09223275906708374,0.030573217162276983,0.0,0.0,0.08276125743415463,0.725,0.2853717672413793,0.6156519396551724,2.1573680732559235,0.9652777777777777,0.0
0.5,0.05,0.15000000000000002,0.05,0.05248655032148012,0.4542325482220181,0.24227191621014305,0.12452703302475274,0.06302226952565504,0.0624653795312622,0.06345968269595097,0.02804926193519247,0.0,0.0,0.07751344967851989,0.75,0.30680354267310783,0.6618760064412238,2.1573284345886368,0.966183574879227,1.1102230246251565e-16
0.5,0.1,0.15000000000000002,0.05,0.05232718259432664,0.4348939686036904,0.2472379509776921,0.1306198526576701,0.06695513246350868,0.06689701804905075,0.06796591270311211,0.022762049022307912,0.0,0.0,0.07767281740567336,0.75,0.29665032679738557,0.6569444444444443,2.2145414486367394,0.9313725490196079,0.0
0.5,0.15000000000000002,0.15000000000000002,0.05,0.052151238591916574,0.4156861147327251,0.2517401503422426,0.13667973431643182,0.07100174572274862,0.07159143965652214,0.07274101629393583,0.0182598496577574,0.0,0.0,0.07784876140808343,0.75,0.28619402985074616,0.651865671641791,2.2777053455019565,0.8955223880597012,-2.220446049250313e-16
0.55,0.2,0.15000000000000002,0.05,0.057147107831468716,0.43342868810997387,0.25972833051170857,0.1324184210924173,0.06332193602659392,0.05349651297057721,0.05395551642783775,0.010271669488291446,0.0,0.0060444835721622445,0.07285289216853129,0.775,0.2943094608795338,0.6909196573575773,2.3475958105213044,0.861796643632774,0.0
0.55,0.25,0.15000000000000002,0.05,0.05690600487945644,0.4126782641202551,0.2649577351681577,0.13924224119496678,0.06771185178098223,0.05800054579708121,0.058503902856181955,0.005042264831842336,0.0,0.0014960971438180426,0.07309399512054357,0.775,0.2827361365843133,0.6858459650447729,2.4257456911251607,0.8244147157190634,0.0
0.35000000000000003,0.0,0.15000000000000002,0.1,0.06666666666666668,0.3266666666666667,0.21233333333333337,0.13801666666666665,0.08971083333333331,0.15404060621167961,0.16660583333333323,0.057666666666666644,0.0,0.0,0.06333333333333332,0.675,0.27222222222222214,0.5185185185185184,1.9047619047619049,0.9999999999999999,0.0
0.4,0.0,0.15000000000000002,0.1,0.07619047619047623,0.36952380952380953,0.22171428571428575,0.13302857142857144,0.07981714285714286,0.11413979136000002,0.11972571428571432,0.048285714285714265,0.0,0.0,0.05380952380952378,0.7,0.3,0.5714285714285715,1.904761904761905,1.0,0.0
0.45,0.0,0.15000000000000002,0.1,0.08571428571428572,0.41142857142857137,0.22628571428571426,0.12445714285714286,0.06845142857142857,0.08134701566062498,0.08366285714285711,0.04371428571428576,0.0,0.005714285714285713,0.04428571428571429,0.725,0.3258620689655173,0.6206896551724138,1.9047619047619047,1.0,0.0
0.4,0.05,0.15000000000000002,0.1,0.07585276032727335,0.35577029211311273,0.2236702990285115,0.13690733221367754,0.08286126481929774,0.11909947353144434,0.12493805149812748,0.04632970097148853,0.0,0.0,0.05414723967272665,0.7,0.2915986394557823,0.5667201166180759,1.943493692822983,0.9676870748299318,-1.1102230246251565e-16
0.45,0.05,0.15000000000000002,0.1,0.08533172409044702,0.3960113590339682,0.2295810898149088,0.1291507561347921,0.07173789891312055,0.08574106739014155,0.08818717201276326,0.04041891018509122,0.0,0.005331724090447021,0.04466827590955298,0.725,0.3170306592669739,0.6161275733668127,1.9434321424665968,0.9685560612329334,0.0
0.45,0.1,0.15000000000000002,0.1,0.08491500038078477,0.38074231660983104,0.23251809067516316,0.1337923967243149,0.07509590930016495,0.0903514109827505,0.09293628630974134,0.03748190932483686,0.0,0.0049150003807847675,0.045084999619215235,0.725,0.30793972031616434,0.6114314253452618,1.9855555649576482,0.9361880772460117,-1.1102230246251565e-16
0.45,0.15000000000000002,0.15000000000000002,0.1,0.08445932480369886,0.365642218701423,0.23509884429088695,0.13836632288384845,0.07851705590513325,0.09518329088248813,0.09791623341500959,0.03490115570911306,0.0,0.004459324803698858,0.045540675196301145,0.725,0.29857764130291053,0.6065952132583048,2.0316163347372242,0.9028547081380485,-1.1102230246251565e-16
0.7500000000000001,1.0,0.15000000000000002,0.1,0.07500000000000001,0.3984375000000001,0.26572265625,0.139105224609375,0.06657142639160155,0.05475917979313178,0.055163192749023426,0.0042773437499999956,0.0,0.004836807250976571,0.05499999999999999,0.875,0.13333333333333336,0.7802380952380955,5.8517857142857155,0.15555555555555556,0.0
0.4,0.0,0.2,0.05,0.04444444444444445,0.3822222222222223,0.22933333333333336,0.1376,0.08256000000000001,0.11806212096000003,0.12384000000000005,0.040666666666666657,0.0,0.0,0.08555555555555555,0.7,0.2571428571428572,0.5714285714285715,2.2222222222222223,1.0,0.0
0.45,0.0,0.2,0.05,0.05000000000000001,0.4275000000000001,0.23512500000000008,0.12931875000000004,0.07112531250000001,0.08452463345986816,0.0869309375,0.034874999999999934,0.0,0.0,0.07999999999999999,0.725,0.2793103448275862,0.6206896551724138,2.2222222222222223,1.0,0.0
0.5,0.0,0.2,0.05,0.05555555555555555,0.47222222222222227,0.23611111111111113,0.11805555555555557,0.05902777777777778,0.05810546875,0.05902777777777779,0.04052510272185976,0.0,0.0013749298523071602,0.07444444444444445,0.75,0.30000000000000004,0.6666666666666666,2.222222222222222,1.0,0.0
0.45,0.05,0.2,0.05,0.0498513291823571,0.4108739092909939,0.23883947095447491,0.13431521943766575,0.07455175511363425,0.08902965266704681,0.09156831602087394,0.031160529045525104,0.0,0.0,0.0801486708176429,0.725,0.2701422676085892,0.615814786318808,2.279594347712613,0.9643002028397565,0.0
0.5,0.05,0.2,0.05,0.05538894947291895,0.4537338411032354,0.24152694373565875,0.12385123925096803,0.06257598063055757,0.061937910685358775,0.06292304580666178,0.028716833084735396,0.0,0.0,0.07461105052708106,0.75,0.2904196357878067,0.662021641594088,2.279534714649219,0.9651623119556609,-1.1102230246251565e-16
0.45,0.1,0.2,0.05,0.049688013457475935,0.3943481431177138,0.2422143969995898,0.13927959191420972,0.07805478866230203,0.0937365603888252,0.09641506584870858,0.02778560300041022,0.0,0.0,0.08031198654252407,0.725,0.260740656787465,0.6108157424985124,2.3426179485173297,0.9276910435497127,1.1102230246251565e-16
0.5,0.1,0.2,0.05,0.055205949656750575,0.4353593392448513,0.24652276753790042,0.12964291918274903,0.0662333743016775,0.06598328051685032,0.06703565007607117,0.023477232462099595,0.0,0.0,0.07479405034324943,0.75,0.280577849117175,0.6572498662386304,2.3424866514111367,0.9293739967897273,1.1102230246251565e-16
0.5,0.15000000000000002,0.2,0.05,0.05500401123144806,0.41711639465503425,0.251098188619541,0.13541305479060853,0.0699937332317986,0.07025015225847642,0.07137461747156977,0.018901811380459044,0.0,0.0,0.07499598876855194,0.75,0.27046379170056956,0.6523460808245187,2.411953469715203,0.8925956061838894,-1.1102230246251565e-16
0.55,0.2,0.2,0.05,0.06025127908895859,0.4358445623246411,0.2588171379901025,0.1306506650641293,0.062001692388000115,0.0519915067484507,0.05243466314416835,0.011182862009897543,0.0,0.0075653368558316475,0.06974872091104142,0.775,0.2778633592162177,0.6915170149564857,2.4886945040435715,0.8578352180936997,-1.1102230246251565e-16
0.55,0.25,0.2,0.05,0.05997436177176522,0.4161446181881409,0.26414653713478514,0.13714931366722916,0.06606520554367629,0.056038284545585806,0.056519963694403035,0.005853462865214876,0.0,0.0034800363055969633,0.0700256382282348,0.775,0.26670369929505755,0.6866325437447924,2.574514510146192,0.8195981959819599,0.0
0.35000000000000003,0.0,0.2,0.1,0.07,0.3255,0.21157499999999996,0.13752374999999994,0.08939043749999996,0.15349046118949494,0.16601081249999985,0.05842500000000006,0.0,0.0,0.06,0.675,0.25925925925925924,0.5185185185185185,2.0,1.0,0.0
0.4,0.0,0.2,0.1,0.08000000000000002,0.36800000000000005,0.22080000000000002,0.13248000000000001,0.07948800000000002,0.11366911180800005,0.11923200000000005,0.049199999999999994,0.0,1.3877787807814457e-17,0.04999999999999999,0.7,0.28571428571428575,0.5714285714285715,2.0,1.0,0.0
0.4,0.05,0.2,0.1,0.07961591220850481,0.3549893827160494,0.22287340105624137,0.13618904360468448,0.08232844440406013,0.11821153863984919,0.12400381601045973,0.047126598943758646,0.0,0.0,0.0503840877914952,0.7,0.27752926620348345,0.5668601884457981,2.0425240054869684,0.966688874083944,0.0
0.45,0.05,0.2,0.1,0.08956398262612761,0.39490878570831933,0.2285806018809252,0.12834117586367225,0.07119165422753825,0.08499054200716881,0.08741379969341696,0.04141939811907483,0.0,0.009563982626127607,0.040436017373872396,0.725,0.30172553807552954,0.616253997412533,2.0424323421316393,0.9675166477180448,3.3306690738754696e-16
0.4,0.1,0.2,0.1,0.07919770773638969,0.3421069340974212,0.22468872171919768,0.1398441943980516,0.08520953563276298,0.12292044471422671,0.12895290641617685,0.045311278280802336,0.0,0.0,0.05080229226361031,0.7,0.2691343743975324,0.5621746674378254,2.088825214899713,0.9325236167341432,1.1102230246251565e-16
0.45,0.1,0.2,0.1,0.08908932309839497,0.3804655556524772,0.23161160162661365,0.1327684785984111,0.07431840325130959,0.08919824049615482,0.09174663777279309,0.03838839837338637,0.0,0.009089323098394969,0.040910676901605034,0.725,0.29287068681661815,0.6116971148933272,2.0886252616887644,0.9341455383602242,1.1102230246251565e-16
0.45,0.15000000000000002,0.2,0.1,0.0885706462212486,0.3661908947152245,0.23431978160348774,0.1371416063976457,0.07750361408996717,0.09359250339430776,0.09627345697242595,0.03568021839651228,0.0,0.008570646221248604,0.0414293537787514,0.725,0.28377048331117377,0.6070139692297067,2.139101861993428,0.8998497746619933,2.220446049250313e-16
0.4,0.0,0.25,0.05,0.04705882352941178,0.38117647058823545,0.22870588235294123,0.13722352941176474,0.08233411764705885,0.11773910558117652,0.1235011764705883,0.04129411764705879,0.0,0.0,0.08294117647058823,0.7,0.24285714285714285,0.5714285714285714,2.3529411764705883,0.9999999999999999,0.0
0.45,0.0,0.25,0.05,0.05294117647058824,0.42617647058823527,0.23439705882352943,0.12891838235294117,0.07090511029411764,0.08426294728816576,0.0866618014705882,0.03560294117647059,0.0,0.0,0.07705882352941176,0.725,0.2637931034482759,0.6206896551724138,2.352941176470588,1.0,0.0
0.5,0.0,0.25,0.05,0.0588235294117647,0.47058823529411764,0.23529411764705882,0.11764705882352941,0.058823529411764705,0.05790441176470588,0.058823529411764705,0.04035311267327647,0.0,0.0016637806616154039,0.07117647058823531,0.75,0.2833333333333333,0.6666666666666666,2.3529411764705883,1.0,0.0
0.45,0.05,0.25,0.05,0.05276998036506436,0.41047118045960285,0.2381423586548933,0.13364533098517112,0.07407934443036164,0.08837306272297009,0.09089180510490669,0.03185764134510671,0.0,0.0,0.07723001963493564,0.725,0.2549517120522103,0.6159988848175879,2.4161394322837126,0.9633582921777917,-1.1102230246251565e-16
0.5,0.05,0.25,0.05,0.05863130475964954,0.4531105848922567,0.24065823703528305,0.12311445007399954,0.062107328019380494,0.06140206161888792,0.06237809521943083,0.02950618227167947,0.0,0.0,0.07136869524035047,0.75,0.2740784008307372,0.6621884735202492,2.4160549372484024,0.9641744548286604,0.0
0.45,0.1,0.25,0.05,0.052582006814829885,0.3948662508264253,0.24158285461043585,0.13834981057498968,0.07732248531730594,0.09265195409343147,0.09529659185601333,0.028417145389564163,0.0,0.0,0.07741799318517012,0.725,0.24590225438537985,0.6111977256052825,2.48553120073234,0.9258542875564152,0.0
0.5,0.1,0.25,0.05,0.058420268256333834,0.4357473919523099,0.24564485655737706,0.12858494409929205,0.06548819408242128,0.065077855883982,0.06611434505226574,0.024355143442622962,0.0,0.0,0.07157973174366616,0.75,0.26458990536277605,0.6575972660357517,2.485345255837059,0.9274447949526813,-1.1102230246251565e-16
0.5,0.15000000000000002,0.25,0.05,0.058187516322799684,0.4185163227996867,0.25025327304779316,0.13404307330732568,0.06896086165405867,0.06893815351880818,0.07003895286833622,0.01974672695220686,0.0,0.0,0.07181248367720032,0.75,0.2548588924387646,0.6528887113951012,2.5617654740141034,0.889776357827476,0.0
0.5,0.2,0.25,0.05,0.05792951541850221,0.4014388766519824,0.25448263078193833,0.13947244167469716,0.0725188020668967,0.07298842396668229,0.07415773340598329,0.015517369218061683,0.0,0.0,0.07207048458149778,0.75,0.24487594390507011,0.6480582524271844,2.64647577092511,0.8511326860841425,1.1102230246251565e-16
0.55,0.2,0.25,0.05,0.06371287128712873,0.43827008663366324,0.2576323803434405,0.1287567722328457,0.060662059683649204,0.05053724546157147,0.05096582981927228,0.012367619656559525,0.0,0.009034170180727719,0.06628712871287128,0.775,0.261596421003061,0.6921944902283965,2.6460396039603955,0.8540145985401462,1.1102230246251565e-16
0.55,0.25,0.25,0.05,0.06339354288152468,0.41967415196984786,0.26301338933050955,0.1349029798718767,0.06439838020379052,0.05415549339687676,0.05461755574245072,0.006986610669490467,0.0,0.005382444257549281,0.06660645711847532,0.775,0.25089209249214955,0.687517841849843,2.740292988195136,0.8149637972646822,0.0
0.35000000000000003,0.0,0.25,0.1,0.0736842105263158,0.3242105263157895,0.21073684210526314,0.13697894736842103,0.08903631578947366,0.15288240616497517,0.1653531578947367,0.05926315789473688,0.0,0.0,0.05631578947368421,0.675,0.24629629629629626,0.5185185185185185,2.105263157894737,1.0,0.0
0.4,0.0,0.25,0.1,0.08421052631578949,0.3663157894736842,0.21978947368421053,0.13187368421052634,0.0791242105263158,0.11314888704000003,0.1186863157894737,0.05021052631578948,0.0,0.004210526315789484,0.04578947368421052,0.7,0.27142857142857146,0.5714285714285714,2.1052631578947363,0.9999999999999999,0.0
0.4,0.05,0.25,0.1,0.0837724497920906,0.3540828204901354,0.22195437318234099,0.1353967192372574,0.08175846984907198,0.1172901129591519,0.12303516744910377,0.04804562681765903,0.0,0.0037724497920905986,0.046227550207909404,0.7,0.26349776202909364,0.5670225662066393,2.151906573476068,0.9657310704960834,1.1102230246251565e-16
0.4,0.1,0.25,0.1,0.08329576944393129,0.3419767670423056,0.2238876885867357,0.13887710884385,0.08443057775941949,0.12157074323582463,0.12753208832375806,0.04611231141326433,0.0,0.0032957694439312846,0.04670423055606872,0.7,0.255378373277977,0.5625117946782412,2.202660262331424,0.9306472919418758,0.0
0.4,0.0,0.30000000000000004,0.05,0.05000000000000001,0.3800000000000001,0.228,0.1368,0.08208,0.11737571328000002,0.12312000000000003,0.04200000000000001,0.0,0.0,0.07999999999999999,0.7,0.2285714285714286,0.5714285714285715,2.5,1.0,0.0
0.45,0.0,0.30000000000000004,0.05,0.05625000000000001,0.4246875,0.233578125,0.12846796875000002,0.0706573828125,0.08396855034500059,0.08635902343749996,0.03642187500000002,0.0,0.0,0.07375,0.725,0.2482758620689655,0.6206896551724138,2.5,1.0,0.0
0.5,0.0,0.30000000000000004,0.05,0.0625,0.46874999999999994,0.23437499999999997,0.11718749999999999,0.05859374999999999,0.05767822265624999,0.05859375,0.0402579572879698,0.0,0.001988737822087167,0.0675,0.75,0.26666666666666666,0.6666666666666666,2.5,1.0,0.0
0.45,0.05,0.30000000000000004,0.05,0.05605181630421578,0.40994144649419884,0.2373202220685032,0.1329092006401683,0.07357920807349974,0.08769944633998555,0.09019810641941432,0.03267977793149682,0.0,0.0,0.07394818369578422,0.725,0.23979800759090059,0.6162030930087643,2.5696756165714985,0.9624501290776811,0.0
0.5,0.05,0.30000000000000004,0.05,0.06227705112960761,0.45232860805588593,0.23964892316856798,0.12231068823833673,0.06161374215850933,0.060854090889027504,0.0618209872490926,0.030440273985386984,0.0,0.0,0.0677229488703924,0.75,0.2577777777777777,0.6623754789272029,2.5695600475624256,0.9632183908045975,-1.1102230246251565e-16
0.45,0.1,0.30000000000000004,0.05,0.05583432430136755,0.39529561244478895,0.24079104282722183,0.13733578239032196,0.0765619914042873,0.09156961876018359,0.09418124663201227,0.029208957172778188,0.0,0.0,0.07416567569863246,0.725,0.23113646403115065,0.6116193208156321,2.646139471672471,0.9240866677210186,0.0
0.5,0.1,0.30000000000000004,0.05,0.06203241895261844,0.43602205423940144,0.2445864269989089,0.12744219722605105,0.06471871421005362,0.06417710485292684,0.06519818837296634,0.025413573001091122,0.0,0.0,0.06796758104738157,0.75,0.2486821705426357,0.6579844961240309,2.6458852867830416,0.9255813953488373,2.220446049250313e-16
0.5,0.15000000000000002,0.30000000000000004,0.05,0.061762778505897786,0.41984794806684145,0.2491865333567129,0.13256847404090016,0.06790420101596678,0.06765176302365944,0.06873006501368116,0.02081346664328712,0.0,0.0,0.06823722149410222,0.75,0.23937254901960775,0.6534901960784313,2.730013106159896,0.8870588235294116,-1.1102230246251565e-16
0.5,0.2,0.30000000000000004,0.05,0.061464088397790065,0.4038276933701658,0.2534480533494476,0.1376750455909013,0.07116461431513835,0.07128172523653939,0.07242050497655714,0.01655194665055243,0.0,0.0,0.06853591160220994,0.75,0.2298412698412698,0.6488888888888888,2.823204419889503,0.8476190476190475,-1.1102230246251565e-16
0.55,0.25,0.30000000000000004,0.05,0.06722731602762565,0.42321872302185054,0.26153568762913465,0.13250831066236826,0.06271721060116409,0.05234860382524682,0.05279275205785701,0.008464312370865368,0.0,0.007207247942142989,0.06277268397237436,0.775,0.23528902359818138,0.6884963641226138,2.926172898309122,0.8105013817607578,-2.220446049250313e-16
0.55,0.30000000000000004,0.30000000000000004,0.05,0.0668126956873043,0.40601926052292686,0.2664984439932479,0.1382428397406642,0.06621416867849086,0.055737138772070226,0.05621259137736554,0.0035015560067521156,0.0,0.003787408622634457,0.0631873043126957,0.775,0.2248125461216528,0.6839287649459957,3.042217957782042,0.7696368581027035,0.0
0.35000000000000003,0.0,0.30000000000000004,0.1,0.0777777777777778,0.3227777777777779,0.20980555555555555,0.13637361111111113,0.08864284722222221,0.15220678947106436,0.16462243055555542,0.06019444444444447,0.0,0.0,0.0522222222222222,0.675,0.23333333333333328,0.5185185185185185,2.2222222222222228,0.9999999999999999,-1.1102230246251565e-16
0.4,0.0,0.30000000000000004,0.1,0.0888888888888889,0.3644444444444444,0.21866666666666665,0.1312,0.07872000000000001,0.11257085952000001,0.11808000000000003,0.05133333333333337,0.0,0.008888888888888904,0.0411111111111111,0.7,0.2571428571428572,0.5714285714285715,2.2222222222222223,1.0,0.0
0.4,0.05,0.30000000000000004,0.1,0.08838742765037733,0.35302202359147195,0.2208965928346399,0.1345226739423108,0.08114726530116008,0.11632763177316613,0.12202401668004002,0.04910340716536013,0.0,0.008387427650377324,0.04161257234962268,0.7,0.24950187368613475,0.5672059226761723,2.273353359220456,0.964811260396673,0.0
0.4,0.1,0.30000000000000004,0.1,0.0878421777030127,0.34172491206606515,0.22292078886679922,0.1378125593694449,0.08360917515487287,0.12019985149786909,0.12609038683980528,0.04707921113320079,0.0,0.007842177703012695,0.04215782229698731,0.7,0.24169284790242104,0.5628904084272778,2.328949380639241,0.9288486416558862,1.1102230246251565e-16
0.4,0.0,0.35000000000000003,0.05,0.05333333333333335,0.37866666666666676,0.2272,0.13632000000000002,0.08179200000000002,0.11696386867200005,0.12268800000000006,0.042800000000000005,0.0,0.0,0.07666666666666666,0.7,0.21428571428571425,0.5714285714285714,2.666666666666667,0.9999999999999999,1.1102230246251565e-16
0.45,0.0,0.35000000000000003,0.05,0.06000000000000001,0.423,0.23265000000000005,0.1279575,0.070376625,0.08363490047608005,0.08601587499999995,0.03734999999999997,0.0,0.0,0.06999999999999999,0.725,0.23275862068965514,0.6206896551724138,2.666666666666667,1.0,0.0
0.5,0.0,0.35000000000000003,0.05,0.0666666666666667,0.46666666666666684,0.23333333333333342,0.11666666666666671,0.058333333333333355,0.057421875000000025,0.05833333333333336,0.04027681991198191,0.0,0.0023570226039551197,0.06333333333333331,0.75,0.24999999999999992,0.6666666666666666,2.6666666666666674,0.9999999999999999,-1.1102230246251565e-16
0.4,0.05,0.35000000000000003,0.05,0.05313115996967401,0.3664838210765731,0.22967367123578464,0.13978289106126612,0.08426992434943827,0.12074674836938686,0.12665853230726376,0.04032632876421538,0.0,0.0,0.07686884003032599,0.7,0.20667502350360387,0.5670636164211846,2.7437452615617897,0.9608273268567846,1.1102230246251565e-16
0.45,0.05,0.35000000000000003,0.05,0.059769114407791736,0.40924993060162945,0.2363542012376596,0.1320988742649258,0.07304731472006096,0.08700240331407127,0.08948056476793242,0.03364579876234042,0.0,0.0,0.07023088559220828,0.725,0.22467920858199852,0.6164263491525064,2.74358429977973,0.9615739317553027,0.0
0.5,0.05,0.35000000000000003,0.05,0.06640645329169921,0.4513453682019256,0.23847803612086918,0.12143193459384354,0.06109150425326805,0.060289093211601356,0.06124670353839457,0.03155066120378433,0.0,0.0,0.0635935467083008,0.75,0.24151583710407226,0.6625816993464051,2.7434296122820725,0.9622926093514326,-1.1102230246251565e-16
0.45,0.1,0.35000000000000003,0.05,0.05951588670636025,0.3955997827054698,0.23981932996779529,0.1362317642684759,0.07577095845777194,0.09048316492277189,0.09306227789412656,0.03018067003220473,0.0,0.0,0.07048411329363975,0.725,0.21643926174137396,0.6120783329229517,2.827945022536308,0.9223843526855015,1.1102230246251565e-16
0.5,0.1,0.35000000000000003,0.05,0.06612111292962357,0.43613911620294604,0.24332582651391166,0.12620904157119475,0.06392282388216039,0.0632760960965565,0.06428207890016366,0.02667417348608836,0.0,0.0,0.06387888707037644,0.75,0.23285060975609753,0.6584095528455284,2.827605019094381,0.9237804878048781,1.1102230246251565e-16
0.5,0.15000000000000002,0.35000000000000003,0.05,0.06580682143880771,0.4210654198910863,0.24787549611278312,0.13098619894545807,0.06682349457804035,0.06638585439125917,0.06744256903382465,0.0221245038872169,0.0,0.0,0.06419317856119229,0.75,0.2239984591679506,0.6541474062660503,2.920321008885068,0.8844375963020028,-2.220446049250313e-16
0.5,0.2,0.35000000000000003,0.05,0.06545893719806765,0.40614553140096626,0.2521255782004831,0.13575071956899154,0.0697887260520739,0.06962055787752593,0.07073050757941765,0.017874421799516926,0.0,0.0,0.06454106280193235,0.75,0.21495327102803735,0.6497923156801662,3.022946859903382,0.8442367601246105,-2.220446049250313e-16
0.55,0.25,0.35000000000000003,0.05,0.07155590304925724,0.4267210906958562,0.25968754068119626,0.12996910921847513,0.06102610660625155,0.050612615587896016,0.05104024974896365,0.010312459318803757,0.0,0.008959750251036347,0.05844409695074276,0.775,0.21988309577394347,0.6895630157539385,3.1360437842064117,0.8062015503875968,0.0
0.55,0.30000000000000004,0.35000000000000003,0.05,0.07107310929939686,0.41072801716709745,0.26464743513844696,0.13531472573404482,0.06418902854941456,0.053593180200350116,0.05404768411159918,0.005352564861553055,0.0,0.005952315888400818,0.05892689070060314,0.775,0.2099722157555391,0.6852523355972346,3.263538145423212,0.7646689676812048,1.1102230246251565e-16
0.35000000000000003,0.0,0.35000000000000003,0.1,0.08235294117647061,0.3211764705882353,0.20876470588235288,0.13569705882352934,0.08820308823529407,0.15145168846022272,0.1638057352941175,0.06123529411764714,0.0,0.002352941176470613,0.04764705882352939,0.675,0.22037037037037033,0.5185185185185185,2.3529411764705888,1.0,0.0
0.4,0.0,0.4,0.05,0.057142857142857155,0.3771428571428572,0.22628571428571428,0.1357714285714286,0.08146285714285714,0.11649318912000003,0.12219428571428576,0.04371428571428573,0.0,0.0,0.07285714285714284,0.7,0.2,0.5714285714285715,2.857142857142857,1.0,0.0
0.45,0.0,0.4,0.05,0.0642857142857143,0.4210714285714287,0.23158928571428578,0.12737410714285718,0.07005575892857144,0.08325358634017088,0.08562370535714285,0.03841071428571424,0.0,0.0,0.06571428571428571,0.725,0.21724137931034482,0.6206896551724138,2.857142857142857,1.0,0.0
0.5,0.0,0.4,0.05,0.07142857142857144,0.4642857142857143,0.23214285714285715,0.11607142857142858,0.05803571428571429,0.05712890625,0.05803571428571429,0.04046288296648157,0.0,0.0027779194975185734,0.058571428571428566,0.75,0.2333333333333333,0.6666666666666666,2.857142857142857,1.0,0.0
0.4,0.05,0.4,0.05,0.056905976676384855,0.36587941417638487,0.22876470071405794,0.13898383992832114,0.08371245134859649,0.11988489809313435,0.12575361715625474,0.04123529928594208,0.0,0.0,0.07309402332361514,0.7,0.1928066400245927,0.567318080014053,2.9424198250728866,0.9600368890255148,-1.1102230246251565e-16
0.45,0.05,0.4,0.05,0.06401469404186798,0.40835264159369977,0.23522047281053832,0.1312036705769158,0.0724779951082636,0.08627357651321571,0.08873052586871479,0.0347795271894617,0.0,0.0,0.06598530595813203,0.725,0.2095935039805827,0.6166676649591525,2.942207908391484,0.960728041688694,-2.220446049250313e-16
0.5,0.05,0.4,0.05,0.0711225834797891,0.45010692415421794,0.23711903282125305,0.12046738478454432,0.06053537407889789,0.05970065564170655,0.06064870068129777,0.03288114102923727,0.0,0.0,0.058877416520210904,0.75,0.2252907696114823,0.6628062360801781,2.942003514938488,0.9613956941351149,-1.1102230246251565e-16
0.45,0.1,0.4,0.05,0.06371765422838928,0.3957333464689199,0.23864338125675696,0.13502944326192218,0.0749453268888379,0.08938414183113237,0.09193084789517363,0.03135661874324305,0.0,0.0,0.06628234577161073,0.725,0.20180691547230503,0.6125727259826877,3.035439714982186,0.9207437890565464,1.1102230246251565e-16
0.5,0.1,0.4,0.05,0.07078729281767955,0.4360432493093921,0.24183611284962006,0.12487721508721615,0.0630968176712331,0.06236830286193553,0.06335931226485868,0.028163887150379957,0.0,0.0,0.059212707182320454,0.75,0.2170914542728636,0.6588705647176412,3.0349907918968686,0.9220389805097452,1.1102230246251565e-16
0.45,0.15000000000000002,0.4,0.05,0.06339065885365373,0.3832285933729934,0.24185745564812391,0.138843597024659,0.07745451106764482,0.09258570225278213,0.09522518403292521,0.028142544351876103,0.0,0.0,0.06660934114634627,0.725,0.19387780538708574,0.6084028354199429,3.138073665550522,0.8800276859186341,0.0
0.5,0.15000000000000002,0.4,0.05,0.07041827852998066,0.4221120572412961,0.24629271575514544,0.12929075519665068,0.06571680688083957,0.06513359970100027,0.0661693863960878,0.023707284244854576,0.0,0.0,0.05958172147001935,0.75,0.20873075952561188,0.6548574312389603,3.1373307543520315,0.881907645722937,-1.1102230246251565e-16
0.5,0.2,0.4,0.05,0.07001018329938903,0.40833439409368655,0.2504871674516294,0.1336969783246882,0.06839123367663849,0.06799758159185683,0.06908004315396872,0.019512832548370607,0.0,0.0,0.05998981670061097,0.75,0.20020387359836894,0.6507645259938837,3.2505091649694506,0.8409785932721712,-1.1102230246251565e-16
0.5,0.25,0.4,0.05,0.06955645161290323,0.39473601310483863,0.2544174194335936,0.13808375404727066,0.07111493234913191,0.07096031467674235,0.07209142945226159,0.015582580566406434,0.0,0.0,0.06044354838709677,0.75,0.19150579150579153,0.6465894465894466,3.376344086021505,0.7992277992277994,1.1102230246251565e-16
0.55,0.30000000000000004,0.4,0.05,0.07591562290315369,0.4153735512539142,0.26234246636455333,0.13222446305846633,0.062163263482711,0.051545351871516515,0.05198063293720148,0.007657533635446689,0.0,0.008019367062798516,0.05408437709684631,0.775,0.19534971475668667,0.6866732536604984,3.5150972936703204,0.7598891796213636,0.0
0.55,0.35000000000000003,0.4,0.05,0.07527855360114097,0.4009218874884864,0.26691144892738006,0.13712295194279883,0.06505153345960188,0.054254049791437345,0.05471362458059184,0.0030885510726199605,0.0,0.005286375419408157,0.054721446398859036,0.775,0.18583134852413016,0.682544805656016,3.6729260755883053,0.7167976347934334,0.0
0.35000000000000003,0.0,0.45,0.05,0.05384615384615385,0.3311538461538463,0.21525,0.1399125,0.09094312499999997,0.15615654860469713,0.16889437499999987,0.05475000000000002,0.0,0.0,0.07615384615384616,0.675,0.1685185185185185,0.5185185185185185,3.076923076923077,1.0,0.0
0.4,0.0,0.45,0.05,0.06153846153846154,0.3753846153846154,0.2252307692307692,0.13513846153846154,0.08108307692307694,0.11595009732923081,0.12162461538461543,0.04476923076923081,0.0,0.0,0.06846153846153846,0.7,0.18571428571428575,0.5714285714285715,3.0769230769230766,1.0,0.0
0.45,0.0,0.45,0.05,0.06923076923076923,0.4188461538461539,0.23036538461538464,0.12670096153846155,0.06968552884615384,0.0828136084910449,0.0851712019230769,0.03963461538461538,0.0,0.0,0.06076923076923077,0.725,0.2017241379310345,0.6206896551724138,3.0769230769230766,1.0,0.0
0.5,0.0,0.45,0.05,0.07692307692307691,0.4615384615384615,0.23076923076923075,0.11538461538461538,0.05769230769230769,0.056790865384615384,0.0576923076923077,0.04089241187692929,0.0,0.0032635697593225194,0.05307692307692309,0.75,0.2166666666666667,0.6666666666666666,3.076923076923076,1.0,0.0
0.4,0.05,0.45,0.05,0.0612583977461533,0.365068121072022,0.22768350845192517,0.13809015645339703,0.08310755267124716,0.1189689802853856,0.12479226360525549,0.04231649154807485,0.0,0.0,0.0687416022538467,0.7,0.17896574014221076,0.5675888817065289,3.1714946182185946,0.9592760180995474,0.0
0.45,0.05,0.45,0.05,0.06890977243253806,0.4071927916984954,0.23388831732301235,0.1302091166013296,0.0718633560961308,0.08550198245788311,0.0879366458484939,0.036111682676987666,0.0,0.0,0.06109022756746195,0.725,0.1945392058981645,0.6169261193456724,3.171217423744471,0.9599109131403117,0.0
0.5,0.05,0.45,0.05,0.07656004195070791,0.4485435238594651,0.2355376310959623,0.11940236657708443,0.0599380481877622,0.05908034479678225,0.060018388329018096,0.03446236890403773,0.0,6.195181223779544e-05,0.053439958049292094,0.75,0.20910087719298245,0.663048245614035,3.1709491347666487,0.9605263157894736,0.0
0.45,0.1,0.45,0.05,0.0685582422490478,0.39563839435256754,0.23723229808443852,0.13371690884287807,0.074078758771495,0.08826142456681296,0.09077539769957303,0.0327677019155615,0.0,0.0,0.0614417577509522,0.725,0.1872359591162503,0.6131006091265745,3.2744810987184096,0.9191616766467067,1.1102230246251565e-16
0.5,0.1,0.45,0.05,0.07616257781032587,0.4356636763090443,0.2400829801354815,0.12343478921983705,0.06223487273061321,0.06144513606735471,0.062421103794698035,0.02991701986451853,0.0,0.0,0.05383742218967413,0.75,0.20140117994100298,0.6593657817109144,3.2738923471255945,0.9203539823008849,0.0
0.45,0.15000000000000002,0.45,0.05,0.06817160460860107,0.3841977872885717,0.2403966658804421,0.1372176461028213,0.07632899095896359,0.09109173870288066,0.09368730516060038,0.029603334119557928,0.0,0.0,0.061828395391398935,0.725,0.17981145087833442,0.6092115810019519,3.388057757312475,0.8777358490566037,0.0
0.5,0.15000000000000002,0.45,0.05,0.07572554295598692,0.4229161060926387,0.2444037958869882,0.12747321679800114,0.06458001941572168,0.06388605576405416,0.06490131885066307,0.025596204113011806,0.0,0.0,0.05427445704401308,0.75,0.19356398809523814,0.6556175595238095,3.387084374399384,0.8794642857142858,0.0
0.5,0.2,0.45,0.05,0.07524271844660195,0.41032160194174766,0.24849828580097091,0.13150817160952671,0.06696997311352777,0.06640327543784756,0.06745924908762517,0.021501714199029104,0.0,0.0,0.054757281553398054,0.75,0.1855855855855856,0.6518018018018018,3.5121359223300965,0.8378378378378378,-1.1102230246251565e-16
0.5,0.25,0.45,0.05,0.07470651013874066,0.39790554962646735,0.25236426093916753,0.13552914054162218,0.06940029703341781,0.06899610532156825,0.0700942417205843,0.01763573906083249,0.0,0.0,0.05529348986125934,0.75,0.17746212121212124,0.6479166666666667,3.651013874066168,0.7954545454545455,0.0
0.5,0.30000000000000004,0.45,0.05,0.07410754631721646,0.3856992769995482,0.25599901999548136,0.13952427212070723,0.07186540514779502,0.0716627023464521,0.07280447941925204,0.01400098000451866,0.0,0.0,0.05589245368278355,0.75,0.16918960244648318,0.643960244648318,3.80614550384094,0.7522935779816513,-1.1102230246251565e-16
0.55,0.30000000000000004,0.45,0.05,0.08146820518137789,0.4198682696153221,0.2595465113370415,0.12897542887841892,0.060139906534277934,0.04958422271889163,0.050001678453562015,0.010453488662958532,0.0,0.010105546011997119,0.04853179481862212,0.775,0.1809329012766787,0.6881860929733946,3.803543126305344,0.7552870090634441,-1.1102230246251565e-16
0.55,0.35000000000000003,0.45,0.05,0.08071632494160394,0.40671864456267826,0.2640492343526959,0.13345744858530864,0.06269935168438019,0.05192098794598791,0.05235899587333274,0.005950765647304124,0.0,0.007674507507697805,0.049283675058396065,0.775,0.17207241455672845,0.6843555768804902,3.9771370596701505,0.7116704805491991,1.1102230246251565e-16
0.55,0.4,0.45,0.05,0.07986518662597673,0.39391068613970975,0.268252416674352,0.13788844224675073,0.06529155284383427,0.05433223755308465,0.054791715469376806,0.0017475833256480056,0.0,0.005208284530623192,0.05013481337402327,0.775,0.16303444505194095,0.6804483324220887,4.173647674301621,0.6671802773497688,0.0
0.35000000000000003,0.0,0.5,0.05,0.05833333333333334,0.3295833333333334,0.2142291666666667,0.1392489583333333,0.09051182291666665,0.155415968767141,0.16809338541666652,0.055770833333333325,0.0,0.0,0.07166666666666666,0.675,0.15555555555555553,0.5185185185185185,3.3333333333333335,1.0,0.0
0.4,0.0,0.5,0.05,0.06666666666666668,0.37333333333333335,0.224,0.13440000000000002,0.08064000000000002,0.11531649024000004,0.12096000000000004,0.04600000000000001,0.0,0.0,0.06333333333333332,0.7,0.17142857142857146,0.5714285714285715,3.333333333333333,1.0,0.0
0.45,0.0,0.5,0.05,0.07500000000000001,0.41624999999999995,0.2289375,0.12591562499999998,0.06925359374999998,0.08230030100039792,0.08464328124999998,0.04106250000000003,0.0,0.0,0.05499999999999999,0.725,0.18620689655172415,0.6206896551724138,3.333333333333333,1.0,0.0
0.5,0.0,0.5,0.05,0.08333333333333333,0.4583333333333333,0.22916666666666666,0.11458333333333333,0.057291666666666664,0.056396484375,0.05729166666666665,0.041674999166833315,0.0,0.005077524002897478,0.046666666666666676,0.75,0.2,0.6666666666666666,3.333333333333333,1.0,0.0
0.4,0.05,0.5,0.05,0.06633196721311477,0.36399047643442617,0.2263950208030226,0.13708312694908717,0.08244395849773016,0.11798093033435306,0.12375545010261922,0.04360497919697742,0.0,0.0,0.06366803278688524,0.7,0.16515081010195018,0.56787512162105,3.4385245901639347,0.9585430855789162,0.0
0.45,0.05,0.5,0.05,0.07461572438162545,0.4056954403158128,0.2323172296347553,0.12909535635523384,0.07119240505844912,0.08467299505262249,0.08708384425412356,0.03768277036524473,0.0,0.0,0.05538427561837456,0.725,0.1795147393089352,0.6172008528183532,3.4381625441696118,0.9591211037301991,-1.1102230246251565e-16
0.5,0.05,0.5,0.05,0.08289800995024876,0.4465630052860697,0.23368857623503578,0.11821672094746302,0.05928935005318053,0.05841692841218824,0.05934433752800232,0.03631142376496424,0.0,0.0030550578220127768,0.04710199004975124,0.75,0.19294456443484514,0.6633069354451644,3.437810945273633,0.9596832253419725,-1.1102230246251565e-16
0.4,0.1,0.5,0.05,0.06596566523605152,0.3547304935622318,0.22867189316523603,0.139760261819147,0.08426913292756907,0.1206944182846511,0.12660255328976464,0.041328106834763984,0.0,0.0,0.06403433476394849,0.7,0.15878694948462393,0.5642729363659598,3.553648068669528,0.9165175909361956,0.0
0.45,0.1,0.5,0.05,0.0741952959830867,0.3952392707782771,0.23554584644723262,0.13227712320479487,0.07316179477491705,0.08710026732676598,0.08958066881169183,0.0344541535527674,0.0,0.0,0.0558047040169133,0.725,0.17272316922874054,0.613660223866593,3.552854122621565,0.9176349463156347,0.0
0.5,0.1,0.5,0.05,0.082421875,0.43490771484374996,0.23802166809082034,0.12186461777572632,0.06132827138044454,0.060495222555007645,0.06145585290925883,0.031978331909179675,0.0,0.002421875000000004,0.047578125,0.75,0.18577648766328014,0.6598935655539429,3.5520833333333326,0.918722786647315,0.0
0.45,0.15000000000000002,0.5,0.05,0.07373336106489187,0.3848960616420549,0.23862266062721804,0.1354552981131194,0.07515945930125804,0.08958151034065748,0.09213315925145782,0.031377339372781976,0.0,0.0,0.05626663893510814,0.725,0.16582995454928678,0.6100666048393896,3.6788685524126463,0.8755278950877973,0.0
0.5,0.15000000000000002,0.5,0.05,0.08189890710382514,0.42338443476775967,0.24216445155075997,0.12551974487593193,0.06340608615698384,0.06263150663537322,0.06362637554473974,0.02783554844924005,0.0,0.0018989071038251343,0.04810109289617487,0.75,0.17849305047549374,0.6564252621311875,3.677595628415301,0.87710314557425,-2.220446049250313e-16
0.45,0.2,0.5,0.05,0.07322345390898485,0.37468340942240375,0.24154683909003064,0.1386236608754964,0.0771825528549637,0.09211549441494887,0.09474008384812066,0.028453160909969383,0.0,0.0,0.05677654609101515,0.725,0.15883279620267501,0.6064187971705399,3.817969661610269,0.832785906240669,0.0
0.5,0.2,0.5,0.05,0.08132183908045978,0.4120136494252874,0.24611512751436784,0.12917407993444685,0.06551980868425604,0.06482535326846149,0.06585549536118222,0.023884872485632175,0.0,0.001321839080459783,0.04867816091954022,0.75,0.1710914454277286,0.6529006882989183,3.8160919540229883,0.8348082595870207,-1.1102230246251565e-16
0.5,0.25,0.5,0.05,0.08068181818181819,0.4008203124999999,0.249871504350142,0.13281865452853114,0.06766566482684827,0.06707558661881698,0.0681420456126603,0.020128495649858025,0.0,0.0006818181818181862,0.04931818181818182,0.75,0.16356877323420077,0.6493184634448574,3.969696969696969,0.7918215613382901,0.0
0.5,0.30000000000000004,0.5,0.05,0.07996794871794871,0.3898351362179486,0.25343088466546465,0.13644328121024887,0.06983889381851156,0.06938003857622135,0.07048385536987734,0.016569115334535367,0.0,0.0,0.05003205128205129,0.75,0.15592203898050977,0.6456771614192903,4.1410256410256405,0.7481259370314844,1.1102230246251565e-16
0.55,0.35000000000000003,0.5,0.05,0.08700351640991293,0.4123011528277797,0.26059699927455404,0.12962095455866846,0.06036215572405821,0.049697163877053176,0.05011522120502669,0.009403000725445976,0.0,0.012114375507201085,0.04299648359008708,0.775,0.15853196485326165,0.6862639577003551,4.32886805090422,0.7067404802872747,1.1102230246251565e-16
0.55,0.4,0.5,0.05,0.08599144079885879,0.40084031383737523,0.2647218592296719,0.13363195614984305,0.06262960482082579,0.05174883993834538,0.05218482516342524,0.005278140770328121,0.0,0.009847554040088373,0.04400855920114122,0.775,0.1502064827801153,0.6826788218793829,4.544935805991441,0.6618357487922705,0.0
0.55,0.45,0.5,0.05,0.08483886346300536,0.38978892061165143,0.2685796436606456,0.13757986220763366,0.06491095760410671,0.05384724513034333,0.05430175245295711,0.001420356339354445,0.0,0.00747560196378783,0.04516113653699465,0.775,0.14173007796087952,0.6790286954022001,4.7909992372234935,0.6161169929164446,0.0
0.35000000000000003,0.0,0.55,0.05,0.06363636363636364,0.32772727272727276,0.21302272727272722,0.13846477272727267,0.09000210227272723,0.15454073805002913,0.16714676136363615,0.05697727272727279,0.0,0.0,0.06636363636363636,0.675,0.14259259259259258,0.5185185185185185,3.6363636363636367,1.0,0.0
0.4,0.0,0.55,0.05,0.07272727272727275,0.37090909090909097,0.22254545454545455,0.13352727272727274,0.08011636363636364,0.11456768186181822,0.12017454545454549,0.04745454545454547,0.0,0.0,0.05727272727272725,0.7,0.15714285714285714,0.5714285714285715,3.636363636363637,1.0,0.0
0.45,0.0,0.55,0.05,0.08181818181818183,0.41318181818181815,0.22725000000000004,0.12498750000000003,0.068743125,0.08169366487508788,0.084019375,0.04274999999999998,0.0,0.0018181818181818299,0.04818181818181817,0.725,0.17068965517241377,0.6206896551724138,3.6363636363636367,1.0,0.0
0.4,0.05,0.55,0.05,0.07232209018305572,0.3625661388149409,0.22485187862886633,0.13593666257374104,0.0817058288835927,0.1168962295697646,0.12261740091580364,0.04514812137113369,0.0,0.0,0.05767790981694429,0.7,0.15136044531217543,0.568175964773813,3.7537942201608265,0.9578365804012793,0.0
0.45,0.05,0.55,0.05,0.08135221339617661,0.40375924161469234,0.23045246726987384,0.1278346995258728,0.0704497013465338,0.08376676494402846,0.08615167684685061,0.03954753273012618,0.0,0.0013522133961766103,0.04864778660382339,0.725,0.16451863277149475,0.6174910624096338,3.753319924967326,0.9583572659391153,-1.1102230246251565e-16
0.4,0.1,0.55,0.05,0.07187912908599992,0.3543050956511749,0.22706106683518126,0.13834319047528007,0.08331241736460998,0.1192616975980244,0.1250991005877541,0.042938933164818754,0.0,0.0,0.05812087091400009,0.7,0.14550697985455152,0.5648833904538996,3.8821738381111053,0.9151550614394381,-1.1102230246251565e-16
0.45,0.1,0.55,0.05,0.08084298246857241,0.39443450906333705,0.23353020218195053,0.13068557400223266,0.07218056167022006,0.08588081724575287,0.08832617061368724,0.03646979781804949,0.0,0.0008429824685724091,0.049157017531427594,0.725,0.15826554415766966,0.6142499327092742,3.8811349367196244,0.9161607400982943,0.0
0.5,0.1,0.55,0.05,0.08980276961812843,0.4336508602601763,0.23559221569450284,0.12014195604280323,0.06036420904584558,0.05950327138054964,0.060447989338543874,0.03440778430549718,0.0,0.009802769618128426,0.040197230381871576,0.75,0.17021428571428568,0.6604523809523809,3.8801230941390408,0.917142857142857,-1.1102230246251565e-16
0.45,0.15000000000000002,0.55,0.05,0.08028417071050112,0.38522191027517894,0.23648258353682552,0.13353550608210632,0.07393381034945463,0.08803499176994037,0.09054201904593351,0.03351741646317449,0.0,0.00028417071050111653,0.049715829289498886,0.725,0.15192874131909598,0.6109654118662439,4.021394546954306,0.8733993015133875,-1.1102230246251565e-16
0.5,0.15000000000000002,0.55,0.05,0.08916917210530176,0.42339288333211117,0.2395160151380436,0.12340932658722022,0.06218389891474865,0.06135441539329373,0.06232870392257468,0.030483984861956415,0.0,0.009169172105301757,0.040830827894698246,0.75,0.16351318944844123,0.6572781774580335,4.019725746131847,0.874820143884892,0.0
0.45,0.2,0.55,0.05,0.07966816647919012,0.3761386600112486,0.23930886297982282,0.13637935868503367,0.07570710156053824,0.09022793668074197,0.09279785028416652,0.0306911370201772,0.0,0.0,0.05033183352080989,0.725,0.14550653182052398,0.6076366226497065,4.1760092488438945,0.8300615294462351,1.1102230246251565e-16
0.5,0.2,0.55,0.05,0.08847102342786685,0.41328683723797777,0.24328039264796547,0.12667778025296703,0.06403155791671886,0.06324781045620397,0.06425240851650402,0.026719607352034547,0.0,0.008471023427866847,0.041528976572133156,0.75,0.1567149758454106,0.6540579710144927,4.173551171393342,0.8318840579710145,-1.1102230246251565e-16
0.45,0.25,0.55,0.05,0.07898571604989094,0.36720568682336485,0.24200813071152188,0.13921133484253437,0.07749753076345149,0.09245762557057828,0.0950916008092366,0.027991869288478133,0.0,0.0,0.05101428395010907,0.725,0.1389971772963076,0.6042626640219714,4.347301691845388,0.7861356932153392,0.0
0.5,0.25,0.55,0.05,0.0876979293544458,0.40335718635809986,0.24688332635505475,0.12993984357157806,0.06590403521743382,0.06518203973015878,0.06621767914338757,0.023116673644945268,0.0,0.007697929354445798,0.042302070645554204,0.75,0.14981751824817519,0.6507907542579076,4.343889565570443,0.7883211678832118,1.1102230246251565e-16
0.5,0.30000000000000004,0.55,0.05,0.08683713746353183,0.393633945426463,0.25032233567873696,0.1331869722841943,0.06779735680882101,0.06715485804129168,0.06822225233825295,0.019677664321263055,0.0,0.006837137463531831,0.04316286253646817,0.75,0.14281862745098037,0.6474754901960784,4.53355071220182,0.7441176470588234,0.0
0.5,0.35000000000000003,0.55,0.05,0.08587282816337669,0.38415434822159555,0.25359434341740195,0.13640922941285788,0.06970649872270347,0.06916292306930462,0.07026275206206439,0.01640565658259807,0.0,0.005872828163376684,0.04412717183662332,0.75,0.13571604938271603,0.6441111111111111,4.7460201946693354,0.6992592592592592,1.1102230246251565e-16
0.5,0.4,0.55,0.05,0.08478513356562138,0.37496515679442516,0.25669548490127764,0.13959483975754938,0.07162507319114766,0.07120142345858724,0.07233431178997898,0.01330451509872238,0.0,0.00478513356562138,0.04521486643437862,0.75,0.12850746268656715,0.6406965174129353,4.985675571041425,0.6537313432835821,0.0
0.55,0.55,0.55,0.05,0.08834133056672287,0.380072111269615,0.2710774094507847,0.13954272462394796,0.06587563584090372,0.054629857370741164,0.05509078824802604,0.0,0.0,0.009678747628131675,0.04165866943327713,0.775,0.11407585731332771,0.6749265194937304,5.9164711569068995,0.5163735597331716,0.0
0.35000000000000003,0.0,0.6000000000000001,0.05,0.07000000000000002,0.3255,0.21157499999999999,0.13752374999999997,0.08939043749999996,0.15349046118949494,0.16601081249999983,0.05842500000000003,0.0,0.0,0.059999999999999984,0.675,0.1296296296296296,0.5185185185185185,4.000000000000001,1.0,0.0
0.4,0.0,0.6000000000000001,0.05,0.08000000000000003,0.368,0.2208,0.13248,0.07948799999999999,0.11366911180800002,0.119232,0.04920000000000002,0.0,2.7755575615628914e-17,0.049999999999999975,0.7,0.14285714285714285,0.5714285714285715,4.000000000000001,1.0,0.0
0.4,0.05,0.6000000000000001,0.05,0.07950177935943062,0.36068346975088966,0.22298830199733094,0.1346136141617115,0.0808705424592002,0.11568076759793483,0.12134229227143704,0.04701169800266908,0.0,0.0,0.050498220640569386,0.7,0.13759334067817358,0.5684906353286816,4.131672597864768,0.9571550985432734,1.1102230246251565e-16
0.45,0.05,0.6000000000000001,0.05,0.08942612137203168,0.4012432828990766,0.22821795083693214,0.12638771231542623,0.06961320601920157,0.08275568402104082,0.08511172655733194,0.04178204916306788,0.0,0.009426121372031679,0.040573878627968324,0.725,0.14954951005107742,0.6177959971063419,4.131046613896219,0.9576181394363211,0.0
0.4,0.1,0.6000000000000001,0.05,0.07895781637717125,0.35344796526054595,0.22509921373449135,0.13674696951856702,0.08226670535662464,0.11771976741174552,0.12348132975259996,0.04490078626550867,0.0,0.0,0.05104218362282875,0.7,0.13227209321408057,0.5655206367440716,4.275434243176179,0.9138426191843768,0.0
0.45,0.1,0.6000000000000001,0.05,0.08879981606376457,0.3930840134503371,0.23111118987414253,0.12890654544638194,0.07111472018901333,0.08457572066632985,0.08698371497636029,0.03888881012585749,0.0,0.008799816063764565,0.04120018393623544,0.725,0.14386028529006778,0.6148682089252375,4.274064990803188,0.9147363933494389,2.220446049250313e-16
0.4,0.15000000000000002,0.6000000000000001,0.05,0.07836150845253578,0.34630518205461636,0.22713280749187253,0.13887738148640807,0.0836751697129248,0.11978499283391673,0.12564795080164243,0.04286719250812748,0.0,0.0,0.05163849154746422,0.7,0.12689245493172724,0.5625180479353162,4.433029908972692,0.8700548657233612,-1.1102230246251565e-16
0.45,0.15000000000000002,0.6000000000000001,0.05,0.08811355605525219,0.3850361842977033,0.23390428900403495,0.13142660800030415,0.07263360385876744,0.08642493375920318,0.08888575878393824,0.036095710995965063,0.0,0.008113556055252186,0.04188644394474782,0.725,0.13810355918459893,0.6119056832101425,4.430774172823644,0.8713458651990564,-1.1102230246251565e-16
0.45,0.2,0.6000000000000001,0.05,0.08735829959514171,0.37711660172064776,0.23659673403529857,0.13394382907329339,0.07416799900533107,0.0883020289633146,0.0908165365702874,0.033403265964701445,0.0,0.007358299595141712,0.04264170040485829,0.725,0.13227812323346522,0.6089077980423075,4.603238866396762,0.827437446074202,1.1102230246251565e-16
0.45,0.25,0.6000000000000001,0.05,0.08652309058614566,0.36934563027309064,0.23918790191054126,0.13645359457837536,0.07571560455232403,0.09020517727364236,0.09277417809952293,0.030812098089458756,0.0,0.006523090586145655,0.04347690941385435,0.725,0.126382739913949,0.6058739165679367,4.7939609236234455,0.783001808318264,1.1102230246251565e-16
0.45,0.30000000000000004,0.6000000000000001,0.05,0.08559452363090773,0.3617481871249063,0.24167703028422147,0.13895059545578123,0.07727356129000337,0.09213185744196584,0.09475610221417995,0.02832296971577855,0.0,0.005594523630907733,0.04440547636909227,0.725,0.12041614180538895,0.6028033865471573,5.006001500375095,0.7380293989230098,0.0
0.55,0.9500000000000001,0.6000000000000001,0.1,0.07507161271841879,0.39386968544113443,0.2672910007744244,0.13972041688559764,0.06707068243721684,0.0564947434855079,0.056976601743207914,0.0027089992255756035,0.0,0.003023398256792084,0.05492838728158121,0.775,0.07898880506831633,0.6555097884944694,8.298768261243197,0.15192093097401554,-2.7755575615628914e-17
0.55,1.0,0.6000000000000001,0.15000000000000002,0.08250000000000002,0.39534687500000004,0.26164045703125,0.13731111308105468,0.06636516799519651,0.05635214961174321,0.05683638689249875,0.008359542968750022,0.0,0.004032176570284811,0.04749999999999999,0.775,0.10766721044045678,0.6554965005525444,6.088172043010752,0.15171288743882547,0.0
0.35000000000000003,0.0,0.65,0.05,0.07777777777777779,0.3227777777777779,0.20980555555555555,0.13637361111111107,0.0886428472222222,0.15220678947106434,0.1646224305555554,0.06019444444444447,0.0,0.0,0.05222222222222221,0.675,0.11666666666666665,0.5185185185185185,4.444444444444445,1.0,0.0
0.4,0.0,0.65,0.05,0.0888888888888889,0.3644444444444444,0.21866666666666665,0.1312,0.07872000000000001,0.11257085952000001,0.11808000000000003,0.05133333333333337,0.0,0.008888888888888904,0.0411111111111111,0.7,0.1285714285714286,0.5714285714285715,4.444444444444445,1.0,0.0
0.4,0.05,0.65,0.05,0.08826443070348669,0.35818222668263777,0.22070990093237075,0.133059652277237,0.07990502437151348,0.11428561317889495,0.11987876503275427,0.04929009906762927,0.0,0.008264430703486689,0.041735569296513314,0.7,0.12384828194539113,0.5688184114510244,4.59286477386772,0.9564973337075497,1.1102230246251565e-16
0.4,0.1,0.65,0.05,0.08758373367616214,0.3520003789160296,0.2226946994789905,0.13492144227407807,0.08110094002803549,0.11602061980422533,0.12169880562670442,0.04730530052100951,0.0,0.0075837336761621355,0.04241626632383787,0.7,0.1190798485214729,0.5661832245588592,4.754651870897896,0.9125775521714607,0.0
0.4,0.15000000000000002,0.65,0.05,0.08683884224324229,0.34591027030856986,0.22462139877776596,0.13678344837544112,0.08230681824782367,0.1177750161640974,0.12353922204715727,0.045378601222234055,0.0,0.006838842243242285,0.04316115775675772,0.7,0.11426547382908961,0.5635226490709632,4.9316966025436635,0.8682346273731936,0.0
0.4,0.2,0.65,0.05,0.08602022605591911,0.33992552052349784,0.22649040190362876,0.13864352207209993,0.08352152551671051,0.11954764238315599,0.12539880392814373,0.043509598096371255,0.0,0.006020226055919106,0.0439797739440809,0.7,0.10940449072567526,0.5608363163032868,5.1262641284949435,0.8234624145785877,0.0
0.55,0.75,0.65,0.05,0.08818699893750603,0.3870675468463246,0.2703727817231418,0.13699841323715467,0.06409261012718452,0.05283710555377679,0.05328164912868804,0.0,0.0,0.010590712442172294,0.04181300106249397,0.775,0.06828336731022906,0.6710342966782588,9.82719984545542,0.30855018587360594,0.0
0.55,0.8,0.65,0.05,0.0816958509445355,0.3877373328732856,0.27248163978478385,0.13876221154180265,0.06510296197577875,0.05376726245720107,0.054220002879813434,0.0,0.0,0.00602364317796522,0.0483041490554645,0.775,0.06156308232999585,0.6681928339013817,10.853791080824637,0.2577072732714756,0.0
0.55,1.0,0.65,0.05,0.027500000000000004,0.4375593749999999,0.27609230859374995,0.13899078622558586,0.06529290112201533,0.054107868894577624,0.05456462905864863,0.0,0.0,0.005435370941351367,0.10250000000000001,0.775,0.0337941628264209,0.6564516129032258,19.424999999999997,0.04761904761904763,0.0
0.55,0.9500000000000001,0.65,0.1,0.07628515037934341,0.4074037087837471,0.2646923811899354,0.13469723297341896,0.06359938310724544,0.05287504048141139,0.05332214356630959,0.00530761881006464,0.0,0.006677856433690406,0.05371484962065659,0.775,0.07575058917415864,0.6620642916817338,8.740054683397613,0.1480479319675299,0.0
0.55,1.0,0.65,0.1,0.05500000000000001,0.42198750000000007,0.26834878125,0.136251696796875,0.0643734757423828,0.05358496611013628,0.05403854621074216,0.0016512187500000164,0.0,0.005961453789257838,0.075,0.775,0.06853582554517135,0.6591875188423274,9.618145161290322,0.09657320872274146,1.3877787807814457e-17
0.55,1.0,0.65,0.15000000000000002,0.08250000000000002,0.407034375,0.26038405078125,0.1332922018505859,0.0633464111988098,0.052992868361139686,0.05344296116935421,0.00961594921875003,0.0,0.007017460952979845,0.04749999999999999,0.775,0.10426540284360192,0.6620012230545789,6.349193548387096,0.14691943127962087,0.0
0.55,0.8,0.7000000000000001,0.05,0.0875732064421669,0.40353834187408494,0.26588141219802336,0.13165784055465313,0.06095762497143372,0.049972040715343016,0.05039157395963776,0.004118587801976659,0.0,0.012234185987992393,0.0424267935578331,0.775,0.056525909903131756,0.6739245744380702,11.922401171303076,0.2536443148688046,0.0
0.55,0.8500000000000001,0.7000000000000001,0.05,0.07801918735891647,0.40786996508182854,0.26815709866973675,0.13312505514336667,0.06173940103622593,0.05066378378723659,0.051089292709925765,0.001842901330263269,0.0,0.008910707290074232,0.051980812641083535,0.775,0.050689015236586706,0.6714812231823071,13.247075723373696,0.20263832905826298,0.0
0.55,0.9,0.7000000000000001,0.05,0.06582788416627744,0.41579207657052775,0.27022487867317035,0.13422480911829734,0.06231837543625573,0.05118195211917646,0.05161197603547113,0.0,0.0,0.008388023964528868,0.06417211583372257,0.775,0.04478760073216536,0.6690108636223169,14.937412424100888,0.15106853352984526,2.7755575615628914e-17
0.55,0.9500000000000001,0.7000000000000001,0.05,0.04973245732863721,0.42902939476937146,0.27202395178245803,0.13477306667468628,0.06258335077694091,0.051425574923737,0.05185777866790592,0.0,0.0,0.00814222133209408,0.0802675426713628,0.775,0.03882059066081822,0.6665130454529157,17.16905987537253,0.09892552797332338,-1.3877787807814457e-17
0.55,1.0,0.7000000000000001,0.05,0.027500000000000004,0.450621875,0.27344715234374994,0.13444632206542964,0.06233830537055051,0.05121585145111774,0.05164634522026973,0.000621874999999994,0.0,0.008353654779730268,0.10250000000000001,0.775,0.03278688524590165,0.6639873083024855,20.251612903225805,0.046199701937406856,-6.938893903907228e-18
0.5,0.9,0.7000000000000001,0.1,0.08827586206896551,0.376351724137931,0.25456699999999993,0.13823803775862065,0.07092651760948274,0.07051872481588514,0.071640858425,0.015433000000000086,0.0,0.008275862068965509,0.041724137931034494,0.75,0.07235528942115768,0.6262475049900199,8.655172413793103,0.19161676646706582,0.0
0.55,0.9500000000000001,0.7000000000000001,0.1,0.0775522169292781,0.42070930927079525,0.2614661271202821,0.12972633257600089,0.06039498439014632,0.04973260170673667,0.05015102971349723,0.008533872879717908,0.0,0.009848970286502765,0.0524477830707219,0.775,0.07267748714422677,0.6686914711265629,9.200806156101137,0.1444010807565295,-2.7755575615628914e-17
0.55,1.0,0.7000000000000001,0.1,0.05500000000000001,0.4343625,0.26612128124999995,0.13194310851562494,0.061476920593945265,0.05066964367002302,0.05109618964042964,0.0038787187500000653,0.0,0.008903810359570358,0.075,0.775,0.0664652567975831,0.6662605983822241,10.024193548387096,0.09365558912386707,-1.3877787807814457e-17
0.55,1.0,0.7000000000000001,0.15000000000000002,0.08250000000000002,0.41872187500000013,0.25854326953125006,0.1292287320263672,0.06052041232234496,0.050063449520550814,0.050485711120037816,0.011456730468749954,0.0,0.00983726043628876,0.04749999999999999,0.775,0.10107197549770293,0.6685965518944821,6.6150537634408595,0.14241960183767227,-2.7755575615628914e-17
0.5,0.8,0.75,0.05,0.08656716417910447,0.38414925373134323,0.2557523134328358,0.13567667332089553,0.06879389994449626,0.06798094579706859,0.06906069539132462,0.014247686567164242,0.0,0.006567164179104468,0.043432835820895535,0.75,0.047720797720797715,0.6353276353276353,13.313432835820896,0.24786324786324782,2.7755575615628914e-17
0.5,0.8500000000000001,0.75,0.05,0.07634854771784229,0.38830601659751035,0.2583908545124481,0.1373054553407028,0.06967661871601682,0.06887840604319506,0.0699725071154795,0.01160914548755193,0.0,0.0,0.053651452282157716,0.75,0.04309728183118741,0.6332260371959942,14.692946058091286,0.1974248927038626,2.7755575615628914e-17
0.5,0.9,0.75,0.05,0.06355140186915886,0.3951308411214952,0.26115672897196257,0.1388452345794392,0.07049731040186914,0.06971106293342794,0.07081848305607476,0.008843271028037447,0.0,0.0,0.06644859813084114,0.75,0.03843390804597702,0.6311063218390804,16.420560747663547,0.14655172413793105,2.7755575615628914e-17
0.5,0.9500000000000001,0.75,0.1,0.07220630372492834,0.39660744985673346,0.25579410458452717,0.13626908882969194,0.06935372223560898,0.0686778515085196,0.0697693307685099,0.014205895415472847,0.0,0.0,0.057793696275071665,0.75,0.06382589612289685,0.630760790051207,9.882521489971346,0.1382589612289685,0.0
0.5,1.0,0.75,0.1,0.05,0.4074999999999999,0.26112499999999994,0.13916874999999998,0.0708753125,0.07021486718354003,0.07133093749999997,0.008875000000000077,0.0,0.0,0.08,0.75,0.05882352941176472,0.6286764705882353,10.687499999999998,0.08823529411764708,0.0
0.5,1.0,0.75,0.15000000000000002,0.07500000000000001,0.39343750000000005,0.25455859375000006,0.13667827148437503,0.06986646911621094,0.06935601434148356,0.0704591656494141,0.015441406249999956,0.0,0.0,0.05499999999999999,0.75,0.08955223880597016,0.6305970149253731,7.041666666666666,0.13432835820895525,0.0
0.45,0.8,0.8,0.05,0.0855274629468178,0.3607446381865737,0.24399921813426328,0.13884971602127288,0.07684165870853774,0.09143395360515161,0.0940373060025346,0.026000781865736733,0.0,0.005527462946817802,0.0444725370531822,0.725,0.03963981261039858,0.5948391060594425,15.00610287707062,0.24276169265033404,0.0
0.5,0.8500000000000001,0.8,0.05,0.08186619718309857,0.401910761443662,0.25221729375275087,0.13139503165768904,0.06624267425941749,0.0653307865729782,0.06636804170338201,0.017782706247249147,0.0,0.001866197183098564,0.04813380281690144,0.75,0.039581881533101035,0.639814169570267,16.164319248826292,0.19442508710801382,-2.7755575615628914e-17
0.5,0.9,0.8,0.05,0.06705729166666667,0.40918863932291666,0.25579074605305985,0.13333499333063759,0.06724545632263024,0.06632972624184948,0.0673828733040889,0.01420925394694017,0.0,0.0,0.06294270833333333,0.75,0.035804195804195804,0.6381351981351981,17.822916666666668,0.14405594405594402,-2.7755575615628914e-17
0.5,0.9500000000000001,0.8,0.05,0.048611111111111084,0.41948350694444453,0.25980461968315977,0.13537793583340116,0.06828786450955603,0.06736534389802869,0.06843496191832756,0.010195380316840252,0.0,0.0,0.08138888888888893,0.75,0.031999999999999994,0.6364444444444444,19.88888888888889,0.09333333333333327,0.0
0.5,1.0,0.8,0.05,0.025,0.4340624999999999,0.2644570312499999,0.13756391601562495,0.06938219055175779,0.06844754267094715,0.06953436218261716,0.005542968750000099,0.0,0.0,0.10500000000000001,0.75,0.028169014084507046,0.6347417840375587,22.533333333333328,0.04225352112676057,0.0
0.45,0.9,0.8,0.1,0.08542780748663102,0.3626046457219251,0.24249881693683153,0.13855306729547748,0.07682692784963407,0.09148363903611731,0.09408873470950063,0.027501183063168483,0.0,0.00542780748663102,0.04457219251336898,0.725,0.05937031484257871,0.5927506834817885,9.983957219251337,0.1815856777493606,2.7755575615628914e-17
0.5,0.9500000000000001,0.8,0.1,0.07352941176470584,0.40818014705882355,0.2524697840073529,0.13210093189912686,0.06676172328688677,0.06591129240277524,0.06695800198310402,0.01753021599264709,0.0,0.0,0.05647058823529416,0.75,0.06126126126126126,0.6378378378378378,10.411764705882351,0.1351351351351351,0.0
0.5,1.0,0.8,0.1,0.05,0.41874999999999996,0.25859374999999996,0.13544921875,0.06849365234374999,0.06763916029594837,0.06871337890625001,0.011406250000000062,0.0,0.0,0.08,0.75,0.05714285714285715,0.6361904761904762,11.133333333333333,0.08571428571428573,0.0
0.45,0.9500000000000001,0.8,0.15000000000000002,0.08827768729641693,0.358884397139658,0.24173975574894704,0.13903050079147075,0.07729848384586165,0.09214469301396216,0.09476917517764546,0.028260244251052974,0.0,0.008277687296416925,0.04172231270358308,0.725,0.08279457924741736,0.592507135526306,7.156351791530945,0.17445144470997173,0.0
0.5,1.0,0.8,0.15000000000000002,0.07500000000000001,0.4040624999999999,0.2524335937499999,0.13314711914062496,0.06752647888183592,0.06676955969453839,0.06783030822753905,0.01756640625000011,0.0,0.0,0.05499999999999999,0.75,0.08695652173913045,0.6376811594202898,7.333333333333332,0.13043478260869568,0.0
0.45,0.8500000000000001,0.8500000000000001,0.05,0.08053162530024019,0.3759577025620497,0.24149412719540628,0.13565557698040348,0.07484187683746857,0.08898568487874388,0.09151909112443171,0.02850587280459374,0.0,0.0005316253002401877,0.049468374699759815,0.725,0.03297440193745511,0.5999545908956506,18.19455564451562,0.19014563767524154,5.551115123125783e-17
0.5,0.8500000000000001,0.8500000000000001,0.05,0.08826291079812204,0.41424647887323945,0.24541553990610326,0.1257711539906103,0.06313064771830985,0.0621861229669287,0.063173268713615,0.024584460093896754,0.0,0.008262910798122039,0.041737089201877964,0.75,0.036175271739130425,0.6464560688405797,17.87010954616589,0.19157608695652165,0.0
0.45,0.9,0.8500000000000001,0.05,0.06481260945709283,0.38240032224168125,0.245525724441331,0.13799641440823815,0.0761464382656335,0.09054079803338891,0.0931184911860232,0.024474275558669017,0.0,0.0,0.06518739054290718,0.725,0.030227704788435474,0.5986779570094866,19.805604203152367,0.1402838427947598,0.0
0.5,0.9,0.8500000000000001,0.05,0.07098976109215016,0.42225426621160417,0.2498922909556314,0.12814427100042663,0.06433598085582871,0.06337736554268047,0.06438342988435901,0.02010770904436862,0.0,0.0,0.059010238907849843,0.75,0.03326521344232515,0.6452089009990917,19.39590443686007,0.1416893732970027,2.7755575615628914e-17
0.5,0.9500000000000001,0.8500000000000001,0.05,0.05028142589118195,0.43256378986866795,0.25498227485928704,0.13078066972326455,0.06566994510659005,0.06469490682372064,0.06572189455100844,0.015017725140712979,0.0,0.0,0.07971857410881805,0.75,0.03033925318761384,0.6439549180327868,21.22514071294559,0.09153005464480866,-1.3877787807814457e-17
0.5,1.0,0.8500000000000001,0.05,0.025,0.44593750000000004,0.26089453125,0.133765771484375,0.06717325500488282,0.0661783977558171,0.06722894226074218,0.009105468750000012,0.0,0.0,0.10500000000000001,0.75,0.027397260273972605,0.6426940639269406,23.458333333333332,0.04109589041095891,0.0
0.45,0.9,0.8500000000000001,0.1,0.08839193874052345,0.372324829517315,0.23902495762195702,0.13476421398829028,0.07443840215673227,0.08853497952682728,0.09105565797518196,0.030975042378042994,0.0,0.00839193874052345,0.04160806125947655,0.725,0.0563441788581432,0.5996515471687314,10.642653053449658,0.1783095863881588,2.7755575615628914e-17
0.45,0.9500000000000001,0.8500000000000001,0.1,0.068033731723594,0.37964674664806175,0.2445923299917908,0.13808431345564445,0.07630022392239282,0.09075863111237642,0.09334265425851623,0.025407670008209204,0.0,0.0,0.061966268276406,0.725,0.05325227767128302,0.5984072454715803,11.237214099375118,0.1297105975432021,2.7755575615628914e-17
0.5,0.9500000000000001,0.8500000000000001,0.1,0.07491665032359283,0.41939203765444205,0.24866553490880564,0.12810793932480632,0.06441968943734849,0.06349021749028395,0.06449814835100459,0.021334465091194382,0.0,0.0,0.05508334967640717,0.75,0.05881199538638985,0.6449711649365628,10.966660129437145,0.1321799307958477,0.0
0.5,1.0,0.8500000000000001,0.1,0.05,0.43000000000000005,0.2555,0.1318,0.066305,0.06535740235500001,0.066395,0.014500000000000013,0.0,0.0,0.08,0.75,0.05555555555555556,0.64375,11.5875,0.08333333333333334,0.0
0.45,0.9500000000000001,0.8500000000000001,0.15000000000000002,0.08947865740930938,0.36808404543773876,0.23941109586192016,0.135834650697062,0.07517689453034727,0.08946720935454108,0.09201465606362219,0.030588904138079853,0.0,0.00947865740930938,0.04052134259069062,0.725,0.07979686741136476,0.5994496114618747,7.512194787943523,0.17042253521126755,0.0
0.45,1.0,0.8500000000000001,0.15000000000000002,0.06750000000000002,0.37515937499999996,0.24563415234374997,0.1396670014599609,0.07734790610722042,0.0920699237094812,0.09469156508906855,0.02436584765625005,0.0,0.0,0.062499999999999986,0.725,0.0763790664780764,0.5982368433887725,7.832471264367816,0.12305516265912307,0.0
0.5,1.0,0.8500000000000001,0.15000000000000002,0.07500000000000001,0.41468750000000004,0.24977734375000005,0.12966245117187503,0.06536827575683594,0.06448061383716328,0.06550442932128907,0.02022265624999997,0.0,0.0,0.05499999999999999,0.75,0.08450704225352113,0.6448356807511737,7.6305555555555555,0.1267605633802817,0.0
0.4,0.8500000000000001,0.9,0.05,0.0791196388261851,0.345909170428894,0.2286475085990407,0.13844935003834125,0.08314494550452002,0.11890998763897304,0.12472938660301923,0.04135249140095931,0.0,0.0,0.050880361173814906,0.7,0.026922930831465793,0.5574809131310063,20.70654627539504,0.1863865993086944,-2.7755575615628914e-17
0.45,0.8500000000000001,0.9,0.05,0.08756539096916298,0.38569927489158873,0.23557913491717775,0.13093563357739202,0.07209431803287542,0.08568684041633126,0.0881262476118032,0.03442086508282227,0.0,0.007565390969162977,0.042434609030837026,0.725,0.029924269298283748,0.6068233156269811,20.278634361233486,0.18762859228778114,2.7755575615628914e-17
0.45,0.9,0.9,0.05,0.0690008854781582,0.3931117999188311,0.24049579374919286,0.13373278032766045,0.0736408173178702,0.08752615034669137,0.09001792320828694,0.029504206250807158,0.0,0.0,0.0609991145218418,0.725,0.027967769008167814,0.6059793351096763,21.667060212514762,0.1381832690517356,2.7755575615628914e-17
0.5,0.9,0.9,0.05,0.07543103448275862,0.4340382543103449,0.24360588968211208,0.12336491713951374,0.06177422444229126,0.06082026677799058,0.061785679942979475,0.026394110317887937,0.0,0.0,0.054568965517241386,0.75,0.03081009296148738,0.6523240371845949,21.17241379310345,0.13944223107569717,-2.7755575615628914e-17
0.45,0.9500000000000001,0.9,0.05,0.047554866412213716,0.40196480125834927,0.24606641271846857,0.1368840832500414,0.07538209755305962,0.0895970081336759,0.09214773880786734,0.023933587281531443,0.0,0.0,0.0824451335877863,0.725,0.02600370811995561,0.6051320931578984,23.27099236641222,0.08854687187687381,1.3877787807814457e-17
0.5,0.9500000000000001,0.9,0.05,0.052083333333333294,0.44488932291666655,0.24975136311848953,0.12653115034739174,0.06336593796897728,0.06238858315837264,0.06337889231514135,0.02024863688151049,0.0,0.0,0.07791666666666672,0.75,0.02874251497005988,0.651497005988024,22.666666666666668,0.08982035928143707,1.3877787807814457e-17
0.5,1.0,0.9,0.05,0.025,0.4578124999999999,0.2567382812499999,0.13010864257812496,0.0651630401611328,0.06415912083223246,0.06517753601074218,0.015391827066794324,0.0,0.0,0.10500000000000001,0.75,0.026666666666666672,0.6506666666666666,24.399999999999995,0.04000000000000001,0.0
0.4,0.9,0.9,0.1,0.08252740167633785,0.3419213410702772,0.22834042553191491,0.1387433268858801,0.0833764264990329,0.11925475849916917,0.12509107833655708,0.0416595744680851,0.0,0.0025274016763378454,0.04747259832366216,0.7,0.04790733590733591,0.5572509652509653,11.631850419084461,0.17297297297297295,2.7755575615628914e-17
0.45,0.9500000000000001,0.9,0.1,0.06941823254287353,0.3894012062033314,0.24132920837777963,0.13476795548022483,0.0742751423295571,0.08829457025553901,0.09080825506623348,0.028670791622220387,0.0,0.0,0.06058176745712647,0.725,0.051110438024231125,0.6057889095992545,11.852547796832692,0.12702702702702695,0.0
0.5,0.9500000000000001,0.9,0.1,0.0763723150357995,0.4301849642004773,0.24442826670644385,0.12434097773717182,0.06232468508642227,0.06137455943207264,0.06234879123368509,0.025571733293556165,0.0,0.0,0.053627684964200506,0.75,0.0564690026954178,0.652156334231806,11.548926014319807,0.12938005390835575,0.0
0.45,1.0,0.9,0.1,0.045000000000000005,0.3983625,0.24805434374999996,0.13867389914062495,0.07644455530839842,0.09087747264556455,0.09346470180097649,0.021945656250000056,0.0,0.0,0.08499999999999999,0.725,0.04878048780487805,0.6049621530698066,12.401724137931035,0.07859078590785908,0.0
0.5,1.0,0.9,0.1,0.05,0.44125,0.25184375,0.12826328124999997,0.06430724609374999,0.0633304377302266,0.06433572265624996,0.01815625000000004,0.0,0.0,0.08,0.75,0.05405405405405406,0.6513513513513514,12.049999999999999,0.0810810810810811,1.3877787807814457e-17
0.45,1.0,0.9,0.15000000000000002,0.06750000000000002,0.384721875,0.24331524609375,0.13671767245605462,0.07545882354911497,0.08973169069000016,0.0922863829010803,0.026684753906250025,0.0,0.0,0.062499999999999986,0.725,0.07427785419532326,0.6056633306455438,8.154022988505746,0.11966987620357636,0.0
0.5,1.0,0.9,0.15000000000000002,0.07500000000000001,0.4253125,0.24658984375,0.126264111328125,0.06339185974121093,0.06245032628152059,0.06344168518066406,0.023410156250000008,0.0,0.0,0.05499999999999999,0.75,0.08219178082191782,0.6520547945205479,7.933333333333333,0.12328767123287673,0.0
0.4,0.8500000000000001,0.9500000000000001,0.05,0.08694321138833613,0.352961273534364,0.22359372876167152,0.1345846022252411,0.0807662895652433,0.1154984766379352,0.12115089452514403,0.046406271238328495,0.0,0.006943211388336132,0.04305678861166387,0.7,0.024209746155271442,0.5644357976653698,23.314403796112057,0.18417639429312574,2.7755575615628914e-17
0.4,0.9,0.9500000000000001,0.05,0.06685953069752493,0.36006428801028617,0.22873577627772426,0.13771761089681778,0.08264842198047254,0.11819022166694136,0.1239743721371746,0.041264223722275756,0.0,0.0,0.06314046930247508,0.7,0.02308719851576994,0.5640148423005567,24.429765348762462,0.13506493506493503,0.0
0.45,0.9,0.9500000000000001,0.05,0.07378777231201687,0.4023602424455377,0.235210115183591,0.12986987269262232,0.07144671119457698,0.08490806496464713,0.08732528617165519,0.03478988481640902,0.0,0.0,0.05621222768798313,0.725,0.02577552663357037,0.6133174560579633,23.794565472007502,0.13618677042801555,2.7755575615628914e-17
0.5,0.9,0.9500000000000001,0.05,0.08048595292331055,0.44417615793469994,0.23712361427486706,0.11908805087319663,0.059562443967350026,0.05863309517800728,0.05956378002657553,0.03287638572513296,0.0,0.0007860619508644954,0.04951404707668945,0.75,0.028432642487046633,0.6594775474956822,23.19438116932422,0.13730569948186525,-2.7755575615628914e-17
0.45,0.9500000000000001,0.9500000000000001,0.05,0.04941205391895765,0.41228966075306267,0.2416539190857131,0.1334682032098245,0.07342845730462906,0.08726343008578498,0.0897477057278129,0.02834608091428692,0.0,0.0,0.08058794608104236,0.725,0.024592812360053735,0.6128977832512316,24.92182570574016,0.08701298701298693,-1.3877787807814457e-17
0.5,0.9500000000000001,0.9500000000000001,0.05,0.054032578466428255,0.4563105880015892,0.24422401606575286,0.12269449920773118,0.061368364908954066,0.060411046858428054,0.06136995334954437,0.026537235513601803,0.0,0.0,0.07596742153357175,0.75,0.027204928664072633,0.6590683095546909,24.22606277314263,0.08819714656290524,-1.3877787807814457e-17
0.45,1.0,0.9500000000000001,0.05,0.022500000000000003,0.42330937500000015,0.24874386328125006,0.13742616845214845,0.07560830309002076,0.08985425676060767,0.0924122901765808,0.021256136718749957,0.0,0.0,0.1075,0.725,0.023407022106631988,0.6124770189677593,26.16637931034483,0.0377113133940182,0.0
0.5,1.0,0.9500000000000001,0.05,0.025,0.46968750000000004,0.25198828125,0.12663706054687499,0.0633426397705078,0.06235475914207687,0.06334451843261718,0.026683696681290302,0.0,0.0,0.10500000000000001,0.75,0.025974025974025976,0.6586580086580086,25.35833333333333,0.03896103896103896,-6.938893903907228e-18
0.4,0.9,0.9500000000000001,0.1,0.08577593360995853,0.3493303900414938,0.22512314947717843,0.13586566037437345,0.08155977652971547,0.1166369480443354,0.12234508996728044,0.04487685052282159,0.0,0.005775933609958525,0.04422406639004148,0.7,0.04534848712930905,0.5643158211651363,12.443983402489629,0.17017913593256057,0.0
0.4,0.9500000000000001,0.9500000000000001,0.1,0.06372473118279569,0.3564992516129033,0.23095583151827961,0.1394774817801463,0.08373440016015424,0.11974791060462074,0.12560830374572113,0.039044168481720404,0.0,0.0,0.06627526881720432,0.7,0.04384145421632221,0.5639048121888672,12.862365591397856,0.12222808870116149,1.3877787807814457e-17
0.45,0.9500000000000001,0.9500000000000001,0.1,0.07087558563248307,0.398722811556481,0.23770065948363484,0.13166587012351189,0.0724632773487239,0.08612006478302449,0.08857179585516521,0.03229934051636518,0.0,0.0,0.059124414367516934,0.725,0.049056383203303223,0.6132175584908487,12.500260281103593,0.12448160094792962,0.0
0.5,0.9500000000000001,0.9500000000000001,0.1,0.07790110998990915,0.44049646821392535,0.2398120988900101,0.12084756043768921,0.06046909043536754,0.059528767095527305,0.06047367203309867,0.030187901109989923,0.0,0.0,0.052098890010090854,0.75,0.05422411906325235,0.6593893630991464,12.160443995963673,0.1267235718975705,-2.7755575615628914e-17
0.45,1.0,0.9500000000000001,0.1,0.045000000000000005,0.4084875,0.24481434375000002,0.135705565546875,0.07469358906621093,0.08877177779577736,0.09129900163691404,0.025185656249999994,0.0,0.0,0.08499999999999999,0.725,0.047493403693931395,0.6128082067145847,12.903017241379311,0.07651715039577835,-1.3877787807814457e-17
0.5,1.0,0.9500000000000001,0.1,0.05,0.4524999999999999,0.24762499999999996,0.12488124999999997,0.06249406249999999,0.061523125000004876,0.06249968749999999,0.022514231610250485,0.0,0.0,0.08,0.75,0.052631578947368425,0.6589912280701754,12.520833333333332,0.07894736842105264,0.0
0.4,0.9500000000000001,0.9500000000000001,0.15000000000000002,0.08249610704192858,0.34553316800276834,0.22734454080973532,0.13775338152638417,0.08274259160180704,0.11833875343724012,0.12413021101737666,0.0426554591902647,0.0,0.002496107041928583,0.04750389295807142,0.7,0.0663897078531225,0.5642263659685264,8.498702347309534,0.15974269632806215,0.0
0.45,1.0,0.9500000000000001,0.15000000000000002,0.06750000000000002,0.39428437499999996,0.24051821484374994,0.1338526129833984,0.07372279029765012,0.08762734405767145,0.09012200687520137,0.02948178515625008,0.0,0.0,0.062499999999999986,0.725,0.07228915662650603,0.6131491483174076,8.481896551724137,0.11646586345381527,0.0
0.5,1.0,0.9500000000000001,0.15000000000000002,0.07500000000000001,0.43593750000000003,0.24287109375000002,0.122991943359375,0.061593246459960935,0.060643604823576426,0.06160621643066408,0.02712890625,0.0,0.0,0.05499999999999999,0.75,0.08,0.6593333333333333,8.241666666666667,0.12000000000000001,0.0
0.4,1.0,0.9500000000000001,0.2,0.08000000000000002,0.3408000000000001,0.22936800000000004,0.13973628000000005,0.08402158380000004,0.1201918926717195,0.12607413620000005,0.040631999999999974,0.0,1.3877787807814457e-17,0.04999999999999999,0.7,0.08743169398907104,0.5641686182669791,6.452678571428573,0.1530054644808743,0.0
0.35000000000000003,0.9,1.0,0.05,0.0644964664310954,0.32325074757067146,0.21422740857014685,0.13930798900184013,0.09055107288762804,0.15548339855752702,0.16816631553861797,0.05577259142985316,0.0,0.0,0.0655035335689046,0.675,0.01861483454785497,0.5185185185185185,27.855123674911663,0.1323100342509197,0.0
0.4,0.9,1.0,0.05,0.07205479452054796,0.36675082191780817,0.22441798541095892,0.13470975239208904,0.08082664741071786,0.11558342497326153,0.12123999834787809,0.0455820145890411,0.0,0.0,0.05794520547945205,0.7,0.02114256751864456,0.5714285714285715,27.027397260273975,0.13329954384186515,0.0
0.45,0.9,1.0,0.05,0.07931063122923589,0.40972293500830576,0.22987812759149195,0.12648903527786498,0.06956966320846973,0.0826759336662898,0.08502960768463186,0.040121872408508064,0.0,0.0,0.05068936877076412,0.725,0.023646068371965135,0.6206896551724138,26.24916943521595,0.13428679913934943,0.0
0.5,0.9,1.0,0.05,0.08629032258064515,0.4522006048387097,0.23070217615927419,0.1154028591592112,0.05770201200425081,0.056800431110870776,0.057702025257908976,0.03935939049671466,0.0,0.007080225625816584,0.04370967741935486,0.75,0.026127265065318164,0.6666666666666666,25.51612903225806,0.1352718078381795,0.0
0.4,0.9500000000000001,1.0,0.05,0.04657342657342655,0.3763343006993008,0.23076514140734275,0.13852982983848125,0.08311890601925434,0.11886140022696921,0.12467839546219465,0.03923485859265727,0.0,0.0,0.08342657342657345,0.7,0.02072388681569508,0.5714285714285715,27.57342657342658,0.08445346183109301,0.0
0.45,0.9500000000000001,1.0,0.05,0.051434010152284236,0.4216484271890863,0.23704489631746709,0.13044181151366716,0.07174387306843341,0.08525974992168395,0.08768698175906164,0.03295510368253293,0.0,0.0,0.07856598984771576,0.725,0.023230168210176465,0.6206896551724138,26.71912013536379,0.08555506301057558,0.0
0.5,0.9500000000000001,1.0,0.05,0.05614754098360652,0.46665548155737696,0.23853589859759214,0.11932979617289556,0.05966563251807771,0.058733374383182525,0.059665650170450855,0.0356004879597054,0.0,0.00047285454580303307,0.07385245901639348,0.75,0.025722116803710733,0.6666666666666666,25.91803278688524,0.08665401644528772,0.0
0.45,1.0,1.0,0.05,0.022500000000000003,0.433996875,0.24449558203124994,0.13455228300292962,0.07400485170379024,0.08794668300569847,0.09045040826202998,0.02550441796875008,0.0,0.0,0.1075,0.725,0.022813688212927757,0.6206896551724138,27.20689655172414,0.036755386565272496,0.0
0.5,1.0,1.0,0.05,0.025,0.48156249999999984,0.24664453124999994,0.12339555664062496,0.0616986944580078,0.060734675183418456,0.061698717651367176,0.03926409717263622,0.0,0.0,0.10500000000000001,0.75,0.025316455696202535,0.6666666666666666,26.33333333333333,0.0379746835443038,-6.938893903907228e-18
0.4,0.9,1.0,0.1,0.0893150684931507,0.3558854794520549,0.22169329150684938,0.13323634900767128,0.07994775950539894,0.11432696841214833,0.11992205203487513,0.048306708493150635,0.0,0.009315068493150697,0.040684931506849306,0.7,0.0428718249889884,0.5714285714285715,13.328767123287673,0.1675231243576567,0.0
0.4,0.9500000000000001,1.0,0.1,0.06517482517482516,0.36438755244755244,0.22790308720279723,0.1370060631601049,0.08221116790495811,0.11756381145525202,0.12331730410976226,0.04209691279720279,0.0,0.0,0.06482517482517484,0.7,0.042055731196235575,0.5714285714285715,13.587412587412588,0.11991765311374157,0.0
0.45,0.9500000000000001,1.0,0.1,0.07241116751269032,0.40755046637055853,0.23375955447454005,0.12881873255798237,0.07085685969661155,0.08420598655198044,0.08660321938761736,0.03624044552545996,0.0,0.0,0.057588832487309685,0.725,0.047083504839801886,0.6206896551724138,13.182741116751272,0.12206391990758561,0.0
0.5,0.9500000000000001,1.0,0.1,0.07950819672131143,0.4502592213114754,0.23487910732581968,0.11767110420882428,0.05884105142987761,0.057921923289028204,0.05884131900269155,0.035121849295269424,0.0,0.0016388115943306053,0.050491803278688574,0.75,0.052069995731967564,0.6666666666666666,12.803278688524589,0.12419974391805372,0.0
0.45,1.0,1.0,0.1,0.045000000000000005,0.4186125,0.24106809375000002,0.13288531007812496,0.07309511165214844,0.08686602385798439,0.08933898451972652,0.02893190625,0.0,0.0,0.08499999999999999,0.725,0.04627249357326478,0.6206896551724138,13.413793103448276,0.07455012853470436,-1.3877787807814457e-17
0.5,1.0,1.0,0.1,0.05,0.46374999999999994,0.24284374999999997,0.12169609375,0.060854902343749996,0.05990439041940789,0.06085525390625,0.030438863547486473,0.0,0.0,0.08,0.75,0.051282051282051294,0.6666666666666666,12.999999999999996,0.07692307692307694,0.0
0.4,0.9500000000000001,1.0,0.15000000000000002,0.08377622377622376,0.3529709440559441,0.22472321415209792,0.13538714118122597,0.0812559345512317,0.11619979998615398,0.12188654228327668,0.045276785847902096,0.0,0.003776223776223761,0.04622377622377624,0.7,0.06402268402790734,0.5714285714285715,8.925407925407924,0.15643771219639588,0.0
0.4,1.0,1.0,0.15000000000000002,0.06000000000000001,0.3607000000000001,0.23103150000000006,0.13927641750000003,0.08359543878750002,0.11954613262925776,0.12539664371250003,0.03896849999999996,0.0,0.0,0.06999999999999999,0.7,0.06282722513089006,0.5714285714285715,9.095238095238095,0.10994764397905761,1.3877787807814457e-17
0.45,1.0,1.0,0.15000000000000002,0.06750000000000002,0.403846875,0.23724305859375,0.13110768241699217,0.0721349653372009,0.0857268855359634,0.08816741865205685,0.03275694140625002,0.0,0.0,0.062499999999999986,0.725,0.07040417209908736,0.6206896551724138,8.816091954022987,0.11342894393741852,0.0
0.5,1.0,1.0,0.15000000000000002,0.07500000000000001,0.44656250000000003,0.23862109375000007,0.11988579101562503,0.059964467163085955,0.05902917594291088,0.059966148071289076,0.03137890624999995,0.0,4.9076833400386756e-05,0.05499999999999999,0.75,0.07792207792207792,0.6666666666666666,8.555555555555555,0.1168831168831169,0.0
0.4,1.0,1.0,0.2,0.08000000000000002,0.34880000000000005,0.227328,0.13747968000000002,0.08255278080000002,0.11806166016002154,0.12383953920000004,0.042672000000000015,0.0,1.3877787807814457e-17,0.04999999999999999,0.7,0.08510638297872342,0.5714285714285715,6.714285714285714,0.14893617021276595,0.0
