Sample	Ncl	subsets_fit	o_e_11	o_e_33	o_e_31	o_e_13	Mixture_tumours
87191_N2	2	Good	1.2730841314325834	1.0823415540813552	0.6448544194110377	0.7373676631592573	mixture_tumours
88305_N2	2	Good	2.4728394439773953	6.840446333284086	0.0	0.0031827892789400786	one_tumour
88307_N7	2	Good	2.3564534264604755	4.174134082591473	0.02538487695346806	0.023231213071066768	one_tumour
88308_N2	2	Good	2.793296174988986	1.1635643205483062	0.010561584834198999	0.81131028220787	mixture_tumours
88581_N2	2	Good	4.575364130564935	2.3094084078543786	0.13533229321996865	0.07066819267234681	one_tumour
88625_N1	2	Good	2.768529985497015	4.456906078527508	0.0020963148462055585	0.007762504618690247	one_tumour
88626_N2	2	Good	1.5634571778085693	1.4234864648118908	0.8017362008525946	0.44225227539592893	mixture_tumours
89374_N2	2	Good	0.3162834265021645	0.4228927494229821	1.5302333849709222	2.0160883242600183	mixture_tumours
89375_N1	2	Bad	0.0	0.0	0.0	0.0	mixture_tumours
89484_N1	2	Good	2.3615416841223293	2.776265733752492	0.17119490631726447	0.003192621496984747	one_tumour
89487_N1	2	Good	1.6398577356076647	1.409670763638289	0.09417557341061564	0.1393302615733302	mixture_tumours
89488_N1	1	1_clone	1_clone	1_clone	1_clone	1_clone	1_clone
89489_N4	2	Good	2.252502590135508	2.499660176810261	0.0018240374235336451	0.00882608230073626	one_tumour
89489_N6	2	Good	5.030855708735862	3.8213381363523453	0.0023808082825917502	0.0	one_tumour
89489_N9	1	1_clone	1_clone	1_clone	1_clone	1_clone	1_clone
89800_N2	1	1_clone	1_clone	1_clone	1_clone	1_clone	1_clone
89807_N3	2	Good	1.9851706728313776	2.5560078607523864	0.10985602424854764	0.17445004897531854	one_tumour
89807_N4	2	Good	4.785929691575104	1.1937978800769071	0.0	0.0	mixture_tumours
89807_N6	2	Good	0.0	0.7260011166235122	2.2217243898607935	1.534405316649015	mixture_tumours
89808_N1	2	Bad	1.3917048245210513	4.042867701404286	0.0	0.0	mixture_tumours
89808_N3	2	Good	1.9064135164725695	1.3233429889596084	0.005347600561584072	0.06934657934287349	mixture_tumours
89985_N1	2	Good	5.518695697779313	3.2000743782356977	0.00566648093482393	0.0	one_tumour
89985_N2	2	Good	2.370448999103311	2.780280271848377	0.07608332078188053	0.0	one_tumour
89985_N3	2	Good	1.3136597945569743	1.1566726087677401	0.854938533033581	1.1363611373426645	mixture_tumours
89985_N4	1	1_clone	1_clone	1_clone	1_clone	1_clone	1_clone
89986_N1	2	Good	4.891251133372411	6.430584078622169	0.0	0.0	one_tumour
89986_N2	2	Good	1.7706514386746646	5.2295212905879485	0.003779483741070583	0.036748429306352956	one_tumour*
89986_N3	1	1_clone	1_clone	1_clone	1_clone	1_clone	1_clone
89986_N4	2	Good	2.482447789611472	2.897576073927574	0.00529623614151543	0.002405318144350972	one_tumour
89995_N1	2	Good	1.9571960786141038	2.1964339248130917	0.005000741558398163	0.029237997075347907	one_tumour
89995_N2	2	Good	2.001731043083546	2.8005743687025517	0.012948691794281557	0.01060764695714905	one_tumour
90004_N1	2	Good	3.568820660068649	3.6407080782812073	0.0005681828427090591	0.0005669460444890944	one_tumour
90004_N2	2	Good	3.00872386445566	8.754511900216368	0.012193193051828838	0.0	one_tumour
90004_N3	1	1_clone	1_clone	1_clone	1_clone	1_clone	1_clone
90004_N4	2	Good	2.2610088601852634	7.206071474983757	0.0008693975775464348	0.002662936356676278	one_tumour
90004_N5	2	Bad	2.3584786895191874	1.7477347477815282	0.03847726111394993	0.009651721950083637	one_tumour*
90004_N6	2	Good	1.5299172270791466	1.4122824056449717	0.44490957902757267	0.4415822479759209	mixture_tumours
90022_N1	1	1_clone	1_clone	1_clone	1_clone	1_clone	1_clone
90022_N2	2	Good	1.980765961943089	2.8675402850984075	0.03313164792331165	0.08769144839345032	one_tumour
90068_N2	2	Good	2.536951022391166	4.698440065970571	0.0	0.002496109014108377	one_tumour
90069_N3	2	Good	1.6750097318240715	2.453500748401994	0.015540354742167695	0.06989576342409219	one_tumour*
90170_N2	2	Good	0.7858442697825794	1.4543023838549272	0.8183299556997474	0.802979187206664	mixture_tumours
90170_N3	2	Good	5.129678860290133	5.399361929881304	0.0	0.0	one_tumour
90211_N1	2	Good	4.859892676166434	3.7308771981834945	0.007221652461142388	0.0015452342384507938	one_tumour
90211_N5	2	Good	1.9901126405698153	2.5485245499070026	0.0	0.012269549401478026	one_tumour
90213_N3	2	Good	1.6200392170432147	2.6862763059082075	0.010211533529409109	0.12083310054288712	one_tumour*
90302_N1	2	Good	3.259879292729653	3.837311794786849	0.0008155467191335055	0.0	one_tumour
90400_N1	2	Good	1.7392351607319534	3.0982874072508335	0.006060771791308584	0.02597688016552052	one_tumour*
90400_N4	2	Good	2.446823797903021	3.034465524614134	0.0	0.01755684737211733	one_tumour
90400_N5	2	Good	3.4023886221976225	6.905940526993159	0.0	0.0	one_tumour
90402_N1	1	1_clone	1_clone	1_clone	1_clone	1_clone	1_clone
90446_N1	1	1_clone	1_clone	1_clone	1_clone	1_clone	1_clone
90446_N2	1	1_clone	1_clone	1_clone	1_clone	1_clone	1_clone
90446_N3	2	Good	3.128652432403413	6.506411769147992	0.004009264115673088	0.003543982073300949	one_tumour
90446_N4	2	Good	0.7977645116493041	1.1558817142292808	0.9426542217088406	0.3286340589612616	mixture_tumours
90447_N1	2	Good	1.5500643987815013	1.072642298956905	0.7065052137642482	0.8189612651883197	mixture_tumours
90447_N3	1	1_clone	1_clone	1_clone	1_clone	1_clone	1_clone
90526_N2	2	Good	6.066307365670424	5.595070206438381	0.0	0.016551876568560348	one_tumour
90590_N1	1	1_clone	1_clone	1_clone	1_clone	1_clone	1_clone
90590_N2	1	1_clone	1_clone	1_clone	1_clone	1_clone	1_clone
90721_N1	1	1_clone	1_clone	1_clone	1_clone	1_clone	1_clone
90732_N1	1	1_clone	1_clone	1_clone	1_clone	1_clone	1_clone
90732_N2	2	Good	3.2046826012125345	5.639311376735712	0.0	0.006516880051498462	one_tumour
90789_N1	2	Good	4.433768675355632	5.172377929687084	0.0	0.0	one_tumour
90789_N2	2	Good	4.03593765520324	4.187366836217253	0.008489791000608487	0.004326254965018581	one_tumour
90791_N2	2	Good	3.473101093442517	3.069296789306759	0.0067008625760706505	0.13108518438362812	one_tumour
90791_N3	2	Good	1.8500266659009381	7.309172226004084	0.0029394538979026514	0.004458995609438088	one_tumour
90793_N2	2	Good	0.0	0.008747172068533161	4.077644669887195	7.975430017200095	Symmetric
90796_N2	1	1_clone	1_clone	1_clone	1_clone	1_clone	1_clone
90796_N3	2	Good	2.2608587999956082	3.7744800952827804	0.7645051032729395	0.4836636676215543	mixture_tumours
90797_N1	1	1_clone	1_clone	1_clone	1_clone	1_clone	1_clone
90797_N2	2	Good	2.4098425117320366	2.7622987421606826	0.003785031772689512	0.06005965440038945	one_tumour
90797_N3	2	Good	2.7139914866183563	2.8923458388813286	0.09292146258743082	0.1482472538751851	one_tumour
90798_N1	2	Good	2.5115339190834916	2.963469108858384	0.013757646951135795	0.0470312199793617	one_tumour
90801_N1	2	Good	3.858574453892599	3.2924408019117752	0.00754471897082758	0.0044612814424290605	one_tumour
90802_N1	2	Good	3.3920445001308015	4.120417363554223	0.008247818901571927	0.003518970794510143	one_tumour
90803_N2	1	1_clone	1_clone	1_clone	1_clone	1_clone	1_clone
90803_N3	2	Good	2.8382366142674753	5.915242264451299	0.025496446488294317	0.03970868900557365	one_tumour
90803_N4	2	Good	2.088904799969548	5.319559234839879	0.025953401584681263	0.002120195794053662	one_tumour
90803_N7	2	Good	3.1878917985083564	3.7732791889021726	0.0	0.0018279508072482477	one_tumour
90803_N8	1	1_clone	1_clone	1_clone	1_clone	1_clone	1_clone
90810_N1	2	Good	3.184288793851858	2.825539915258369	0.05867035444191909	0.033591594432078174	one_tumour
90810_N2	2	Good	1.2492204786094891	0.9790281749893068	1.3928261084541922	0.36914865953824205	mixture_tumours
90810_N3	2	Good	4.537206245391299	5.760521927706453	0.07249786770977323	0.0057609980432472155	one_tumour
90810_N4	2	Good	0.8305726312151287	2.9058669527044474	0.7346894444239904	0.16628173366365648	mixture_tumours
90810_N5	1	1_clone	1_clone	1_clone	1_clone	1_clone	1_clone
90810_N6	2	Good	3.2455122517234316	4.689759616226342	0.0	0.0	one_tumour
90814_N1	2	Good	0.8643000767444168	1.3881915191619583	1.1055941794018873	0.8532394466019214	mixture_tumours
90880_N1	2	Good	6.422020976025337	3.9614140893129917	0.0	0.0009382602722520881	one_tumour
90880_N2	1	1_clone	1_clone	1_clone	1_clone	1_clone	1_clone
90885_N1	1	1_clone	1_clone	1_clone	1_clone	1_clone	1_clone
90885_N2	2	Good	2.850253240014251	2.402572845718913	0.022129462579868146	0.0	one_tumour
90886_N2	2	Good	4.396437792052474	4.664157071154414	0.01427853192559075	0.04926473959980017	one_tumour
90886_N3	2	Good	2.0915613063272582	3.112964972486891	0.0	0.0022472973292645424	one_tumour
90886_N4	2	Good	0.0033602964573070295	0.0028654163998221654	3.1666685100392438	3.7342804737271456	Symmetric
90886_N5	2	Good	2.3589144665879322	5.906319886709045	0.009207584797476376	0.0015484611030844055	one_tumour
90886_N6	2	Good	1.810826863084288	1.1072964396410132	1.2379667027561003	0.28908886389201355	mixture_tumours
90886_N7	2	Good	1.1530330183944664	1.4312299803410684	0.5498835660131144	0.18820782464411373	mixture_tumours
90887_N1	2	Good	1.5916495224895508	3.9551413617628213	0.25625434674615	0.442280768405927	one_tumour*
90887_N2	2	Bad	0.0	0.0	0.0	0.0	mixture_tumours
90887_N3	1	1_clone	1_clone	1_clone	1_clone	1_clone	1_clone
90887_N4	1	1_clone	1_clone	1_clone	1_clone	1_clone	1_clone
90888_N1	2	Good	4.483350777594911	3.140447519131643	0.001995867829086821	0.0	one_tumour
90888_N2	2	Good	1.207418533083728	0.513653089326167	0.9939894219568042	1.5020261344494077	mixture_tumours
90888_N3	2	Good	1.8809594379735846	0.7788353142010499	1.079881163654904	0.8296492555231003	mixture_tumours
90888_N4	2	Good	3.7570678083137694	1.9114361940113016	0.032703598547375375	0.022836070232838637	one_tumour
90888_N5	2	Good	4.566356360212292	2.6075824353474673	0.01928100655391836	0.03688926006726661	one_tumour
91058_N2	2	Good	3.170134394653864	2.942873502466526	0.02367450298447778	0.18822562979189486	one_tumour
91097_N1	2	Good	3.206279076257887	3.676389522839788	0.002738486162679001	0.014582951280640627	one_tumour
91097_N2	2	Good	4.189009295156243	8.99733544577272	0.11952845685573484	0.04306203439392885	one_tumour
91098_N1	2	Good	2.5051105576742825	1.8022513893066925	0.3574295095637672	0.1395918184076207	one_tumour
91099_N1	2	Good	2.0369668715716442	2.8040756232223525	0.17430208896837576	0.24545939763629435	one_tumour
91099_N2	1	1_clone	1_clone	1_clone	1_clone	1_clone	1_clone
91100_N1	2	Good	3.6755108127423233	3.619177632311357	0.02089802428749183	0.0012004139943669618	one_tumour
91100_N2	2	Good	4.560929048679605	2.8853312717201214	0.011051311905463577	0.0	one_tumour
91100_N3	1	1_clone	1_clone	1_clone	1_clone	1_clone	1_clone
91100_N4	2	Good	2.6910216348880533	2.256492609963251	0.06682463372939436	0.0171771341313798	one_tumour
91113_N1	2	Good	4.141562905435797	3.0118765011939526	0.021567651219608495	0.009623201557862098	one_tumour
91113_N2	2	Good	2.9787478497244013	6.7794081074954295	0.0007088945630797202	0.006441405631532841	one_tumour
91113_N3	2	Good	3.535852278283576	2.8207583220108696	0.038029664705267925	0.011623533668494822	one_tumour
91113_N4	2	Good	4.2741465733617545	3.173507742703837	0.013054621473634091	0.006050202805487402	one_tumour
91113_N5	1	1_clone	1_clone	1_clone	1_clone	1_clone	1_clone
91113_N6	2	Good	3.7995426829268295	4.514236285975416	0.0	0.03074705000250572	one_tumour
91113_N7	2	Good	4.583946927268388	3.433063260491493	0.00748780721865052	0.004930472046993895	one_tumour
91114_N1	2	Good	11.362643633439681	4.42968473708206	0.0	0.028914133576123772	one_tumour
91121_N2	1	1_clone	1_clone	1_clone	1_clone	1_clone	1_clone
91121_N4	2	Good	2.7111994607624728	1.7399659752509504	0.042427977239512395	0.1683266737681355	one_tumour*
91143_N1	1	1_clone	1_clone	1_clone	1_clone	1_clone	1_clone
91208_N1	1	1_clone	1_clone	1_clone	1_clone	1_clone	1_clone
91208_N2	2	Good	0.002782547445876355	0.024760119222824447	5.398961828420125	2.6413419323269975	Symmetric
91213_N1	2	Good	2.128444851817904	1.1649297630494395	0.6727490215453689	0.5418250487329435	mixture_tumours
91213_N2	2	Good	3.954498581133373	2.749089010189913	0.0	0.0	one_tumour
91213_N3	1	1_clone	1_clone	1_clone	1_clone	1_clone	1_clone
91215_N1	2	Good	3.4717843787501583	2.0044193658595724	0.05975724311072545	0.02903025575309396	one_tumour
91215_N2	1	1_clone	1_clone	1_clone	1_clone	1_clone	1_clone
91215_N4	2	Good	3.067135690330961	3.7371792704608637	0.025109532477620322	0.007562949067214708	one_tumour
91215_N5	2	Good	3.732034104750305	1.7572885938171043	0.12078906512642308	0.0338409475465313	one_tumour*
91215_N6	2	Good	2.772225073085775	2.3472974378434595	0.10886897767332551	0.07184916867347083	one_tumour
91215_N7	2	Good	0.0029755454462056796	0.0011944189108738599	3.503505546175833	2.630378260569296	Symmetric
91215_N8	2	Good	2.7569421550179865	2.4639969223935982	0.02137799930346239	0.006603628102317736	one_tumour
91215_N9	2	Good	3.4229929567456643	6.808483051460334	0.0	0.00945440269440972	one_tumour
91216_N1	1	1_clone	1_clone	1_clone	1_clone	1_clone	1_clone
91216_N2	2	Good	1.4928699622645136	3.8753196930946294	0.32965377651050015	0.02242770017706079	mixture_tumours
91216_N3	2	Bad	0.22336726326627493	1.0922620559566907	0.0	1.2003644980697212	mixture_tumours
91216_N4	2	Good	3.9027742600397546	3.074563336888257	0.002152580646377369	0.054746059116312626	one_tumour
91216_N5	2	Good	2.567473107659002	2.2246769978950427	0.1332950463385246	0.03189873895286872	one_tumour
91216_N6	2	Good	3.3183299457740514	2.0000274038820067	0.011625843595434728	0.005810973352241701	one_tumour
91216_N7	2	Good	1.43205629078694	0.0	0.0	1.8338896141895888	mixture_tumours
91217_N1	2	Good	3.5797236964785197	3.3528003453824717	0.005351444631365324	0.00742120243156822	one_tumour
91217_N2	2	Good	3.58711896579649	10.287914791413439	0.013207307533548665	0.0	one_tumour
91217_N3	2	Bad	0.0	0.0	0.0	0.0	mixture_tumours
91218_N1	2	Good	4.3111571335553585	4.497200880077482	0.007690773190163652	0.008430468137646615	one_tumour
91218_N2	2	Good	1.206026300996929	1.1891198840200536	0.4328847693352762	0.27579504692466134	mixture_tumours
91218_N3	2	Good	1.912001223897424	2.491391968484707	0.027982130529143702	0.06381861450741311	one_tumour
91218_N5	1	1_clone	1_clone	1_clone	1_clone	1_clone	1_clone
91218_N6	2	Good	1.8452318916102137	3.220567228668739	0.0	0.036044713942434754	one_tumour
91376_N2	2	Good	2.1443021402730675	2.330677327161468	0.004757211646640565	0.003167604079155492	one_tumour
91414_N1	2	Good	2.3385728778054657	2.093291678721652	0.20161961491089508	0.2532958426840585	one_tumour
91414_N2	2	Good	2.7367715767890557	3.5173771940516825	0.03975311601150528	0.0	one_tumour
91415_N1	1	1_clone	1_clone	1_clone	1_clone	1_clone	1_clone
91415_N2	1	1_clone	1_clone	1_clone	1_clone	1_clone	1_clone
91415_N3	2	Good	2.1375981880753803	2.116064193751688	0.012486272196374378	0.12991121999581245	one_tumour
91415_N5	2	Good	2.6240153681385134	3.482379864470913	0.0	0.015688112325741223	one_tumour
91416_N1	2	Good	1.1665319099845255	0.7531579710260157	1.3521067665148436	0.979270087477056	mixture_tumours
91416_N2	2	Good	2.0966794822662598	3.253687115837242	0.0169762523321168	0.008716326365598145	one_tumour
91424_N1	2	Good	1.6308892292114834	1.9265608561626197	0.6802460813556437	0.2042063403239322	mixture_tumours
91424_N2	2	Good	0.0	1.3703566217550658	0.8331643033418417	0.9565315974944968	mixture_tumours
91429_N1	2	Good	4.968425261737214	3.3648465032233554	0.018938100346839303	0.009255735372984152	one_tumour
91429_N2	2	Good	3.654641564600382	2.8378127719441006	0.0	0.06731898123168317	one_tumour
91429_N4	2	Good	0.6260194075493216	1.0621704889030676	1.3060377303831097	0.8138408680158634	mixture_tumours
91430_N2	2	Good	1.6218873891809311	3.670269768372688	0.01014490349196869	0.01868623535982219	one_tumour*
91430_N3	1	1_clone	1_clone	1_clone	1_clone	1_clone	1_clone
91431_N1	1	1_clone	1_clone	1_clone	1_clone	1_clone	1_clone
91432_N1	2	Good	2.635514018691589	0.46097211851668296	0.0	2.342135834792711	mixture_tumours
91432_N2	2	Good	2.2167873691615716	2.9279346715211907	0.0	0.0	one_tumour
91520_N1	2	Good	1.4348798783678944	1.7696901829040688	0.5267433745503999	0.04686251886038875	mixture_tumours
91520_N2	2	Good	1.8094148852355691	0.9695398428851061	0.5382321529339139	1.1604937179630457	mixture_tumours
91522_N2	2	Good	0.7218997364953886	0.0005478396599068161	1.6545225991345747	1.0620137900842728	mixture_tumours
91523_N1	2	Good	3.9639514554772255	2.849823385088144	0.00574291441138725	0.0035798482855126015	one_tumour
91531_N1	2	Good	4.749177947189033	3.8948150447094227	0.008065071348220706	0.005770605638469155	one_tumour
91531_N3	1	1_clone	1_clone	1_clone	1_clone	1_clone	1_clone
91532_N1	2	Good	2.0570351272419183	4.8535234496237285	0.015223975485758458	0.15867323559631252	one_tumour
91532_N2	2	Good	3.644664657749616	4.939594552675713	0.005680489905190345	0.0	one_tumour
91539_N1	1	1_clone	1_clone	1_clone	1_clone	1_clone	1_clone
91539_N3	2	Good	3.554151516784153	3.497696935315807	0.0041135354993568725	0.011633267434805455	one_tumour
91539_N4	2	Good	4.372952317225094	4.1337946749723695	0.0043455329032138675	0.0019016566312703652	one_tumour
91539_N5	2	Good	2.553361636383963	2.6165060439020884	0.02080967546350563	0.0	one_tumour
91540_N1	2	Good	5.704802850068731	3.0225244319178097	0.004449742728443858	0.0	one_tumour
91577_N1	2	Good	0.9910968181530945	0.5997314188012002	1.6157678857174942	1.5183498327516125	mixture_tumours
91577_N3	2	Good	1.493226243582268	0.5847490407010197	1.486951083859193	1.2395086423217294	mixture_tumours
91585_N3	2	Bad	3.6843952408272918	2.27097708827917	0.03599035160895763	0.017582610017768965	one_tumour
91588_N1	2	Good	0.09498636779014677	0.9271957671957674	0.4175666780555508	0.014305364511691886	mixture_tumours
91589_N1	2	Good	4.967792247227456	5.409600848608555	0.003796794383496022	0.0011855327923843422	one_tumour
91590_N1	2	Bad	1.7413017256412358	0.45497695316174563	0.0	0.7299769479269896	mixture_tumours
91598_N1	2	Bad	0.0	0.0	0.0	0.0	mixture_tumours
91599_N1	2	Good	2.1755796584495393	4.15658278743402	0.031052823844651727	0.0061875575644814666	one_tumour
91599_N2	2	Good	3.8861810963505876	3.0979309936133137	0.010983782794665936	0.0	one_tumour
91599_N3	2	Good	1.7294102479724167	1.7629448929954088	0.4570832183223495	0.5176770597823229	one_tumour*
91603_N1	2	Good	1.345599931605582	2.1846240975335616	0.009512600372921738	0.7036517949736919	mixture_tumours
91604_C1	2	Good	1.7655167406797914	2.0325006466695648	0.11944170399961185	0.012411103502136499	one_tumour*
91604_N1	1	1_clone	1_clone	1_clone	1_clone	1_clone	1_clone
91605_N1	1	1_clone	1_clone	1_clone	1_clone	1_clone	1_clone
91611_N1	1	1_clone	1_clone	1_clone	1_clone	1_clone	1_clone
91612_N2	1	1_clone	1_clone	1_clone	1_clone	1_clone	1_clone
91613_N1	1	1_clone	1_clone	1_clone	1_clone	1_clone	1_clone
91613_N2	2	Bad	2.826428046089728	4.871681465038845	0.0	0.0	one_tumour
91615_N2	2	Good	4.192288849476924	3.7561915849748204	0.0006754519223950945	0.0	one_tumour
91615_N3	2	Good	2.0662626955372168	1.8575286875995527	0.6622115567833062	0.009284715901028483	mixture_tumours
91615_N4	1	1_clone	1_clone	1_clone	1_clone	1_clone	1_clone
91615_N5	2	Good	1.0109047982465702	0.825224662534758	0.7105377942198027	1.236314004266663	mixture_tumours
91615_N6	2	Good	1.1397495085276346	2.0281334304233742	0.5317043900778724	0.14629565114742393	mixture_tumours
91615_N7	1	1_clone	1_clone	1_clone	1_clone	1_clone	1_clone
91615_N8	2	Good	2.4637447396768066	2.7649207353638467	0.10392698925100449	0.006924756131884427	one_tumour
91618_N1	1	1_clone	1_clone	1_clone	1_clone	1_clone	1_clone
91618_N2	1	1_clone	1_clone	1_clone	1_clone	1_clone	1_clone
91618_N3	2	Good	4.9904703312928715	4.060231109212573	0.004585945647120905	0.0	one_tumour
91619_N1	1	1_clone	1_clone	1_clone	1_clone	1_clone	1_clone
91619_N2	2	Good	1.0611544188460218	2.0942637258211243	0.6654374001352943	0.0581853182889534	mixture_tumours
91620_N1	1	1_clone	1_clone	1_clone	1_clone	1_clone	1_clone
91620_N2	2	Good	5.969125214408233	3.161538256796082	0.0	0.04171232876712329	one_tumour
91620_N3	2	Bad	0.0	0.0	0.0	0.0	mixture_tumours
91620_N4	1	1_clone	1_clone	1_clone	1_clone	1_clone	1_clone
91620_N5	1	1_clone	1_clone	1_clone	1_clone	1_clone	1_clone
91620_N6	2	Good	3.3190873039909072	3.412017568451547	0.07820337238413426	0.03629273381935697	one_tumour
91620_N7	2	Good	4.0727773346986815	3.067668389380811	0.0	0.01588137879180782	one_tumour
91622_N1	2	Good	3.5810936115793353	4.737679086567598	0.046300172399047525	0.0	one_tumour
91831_N1	1	1_clone	1_clone	1_clone	1_clone	1_clone	1_clone
91832_N1	2	Good	2.7498342579992325	1.8776611215549959	0.05434671059383248	0.03651817509910636	one_tumour
91833_N1	2	Good	0.7163488937024715	3.4603155290703227	0.0	0.045232778070246726	mixture_tumours
91834_N2	2	Good	2.5541096780325128	0.5747007541626553	1.4915177396401662	1.2093729766356358	mixture_tumours
91835_N1	2	Good	1.8296291948715941	1.8954090456319426	0.11623504822619159	0.1416634190356818	one_tumour
91835_N2	2	Good	6.009555928235126	3.498657326702215	0.040937360589917864	0.0056799034931742575	one_tumour
91837_N1	2	Bad	2.0986426051330467	2.4525477038428494	0.02369036606084482	0.014797380185622962	one_tumour
91837_N2	2	Good	5.518572532299888	3.8614197635126755	0.02235132497415574	0.0012081423773935447	one_tumour
91837_N3	1	1_clone	1_clone	1_clone	1_clone	1_clone	1_clone
91837_N4	2	Good	1.2894250273289276	1.8250722617889024	0.6597703088626836	0.5239534106879485	mixture_tumours
91837_N5	2	Good	4.506099059163177	2.6082594547998847	0.0037717877861708927	0.0014916116010393985	one_tumour
91837_N6	1	1_clone	1_clone	1_clone	1_clone	1_clone	1_clone
91838_N1	2	Good	1.6209760836306002	2.0592888796565574	0.0	0.9048195715067636	mixture_tumours
91838_N2	2	Good	2.1186844549222816	2.3368742608335937	0.029525056928327142	0.006662597745400293	one_tumour
91838_N3	1	1_clone	1_clone	1_clone	1_clone	1_clone	1_clone
91838_N4	2	Good	4.202789595328431	3.5179960592371535	0.0010409684351061863	0.008156786458491643	one_tumour
91838_N5	2	Good	4.113025351847444	3.4425520993438883	0.02491095156957493	0.029938931144163683	one_tumour
91839_N1	2	Good	4.098257176756569	2.4246078903999013	0.004179648604374779	0.031544180033129976	one_tumour
91839_N2	2	Good	5.0121584295923185	3.4664931771661736	0.02223808496156975	0.01064050880370202	one_tumour
91839_N3	1	1_clone	1_clone	1_clone	1_clone	1_clone	1_clone
91841_N2	2	Good	2.1554407716722768	3.4575315419435615	0.010391368144100384	0.0008487532274206313	one_tumour
91842_N1	2	Good	5.036184294251093	3.4673140179844917	0.0	0.007185445920571759	one_tumour
91842_N2	2	Good	1.591281756794155	2.364047413815088	0.9080891884884628	0.10805582807322806	mixture_tumours
91842_N3	2	Good	3.8819136899706375	5.547064480850785	0.0006166397535445155	0.014739219326084912	one_tumour
91842_N4	2	Good	2.5511205234186525	4.824421079154599	0.007202576798511354	0.0	one_tumour
91842_N5	2	Good	3.8734318552839007	8.969655586813428	0.0	0.004407440777692167	one_tumour
91863_N3	1	1_clone	1_clone	1_clone	1_clone	1_clone	1_clone
91864_N1	2	Bad	1.8436099029775845	2.6942962499130316	0.0	0.1266278815128092	one_tumour
91864_N2	1	1_clone	1_clone	1_clone	1_clone	1_clone	1_clone
91864_N3	2	Good	2.7013539918263483	1.492225927659047	0.0007396751703169921	0.031229662535190668	mixture_tumours
91864_N4	2	Good	1.8834851138519	2.540996768153672	0.003748190780204246	0.21433643236732447	one_tumour
91865_N2	2	Good	1.593166512102064	0.08005832908059621	0.8743875739178966	0.9792724637579687	mixture_tumours
91865_N3	1	1_clone	1_clone	1_clone	1_clone	1_clone	1_clone
91865_N6	2	Good	2.197925158826338	2.8625593556943674	0.08298117536900702	0.11953159488889979	one_tumour
91867_N1	2	Good	2.4092529160005953	3.486043468656007	0.10714206451250169	0.02735925390089812	one_tumour
91867_N2	2	Good	2.3479840567529586	2.3056172598464904	0.024491784395320893	0.04676858936521011	one_tumour
91868_N2	2	Good	3.0098057871245754	2.507523587552903	0.0011284763038060756	0.12706822788650524	one_tumour
91868_N3	2	Good	0.9711214792124823	1.6077217605750342	0.48406717567546054	0.2758333090575457	mixture_tumours
91868_N7	2	Good	0.3154974728943171	1.2138635055736215	1.4474049274319556	0.7678971372833516	mixture_tumours
91928_N1	2	Good	4.203937552084914	2.700910591570575	0.0005492142421102611	0.0015666681843008554	one_tumour
91928_N2	2	Good	1.692521727473239	0.6029734963482263	1.2736458386695664	1.0669625677311707	mixture_tumours
91928_N3	2	Good	2.8383500141477502	2.7946110906637225	0.003191967810819904	0.0011666836069502847	one_tumour
91928_N4	2	Bad	1.7427188345155895	2.5972083244083195	0.04870743136516735	0.0	one_tumour*
91929_N2	1	1_clone	1_clone	1_clone	1_clone	1_clone	1_clone
91929_N3	2	Good	1.4468337662242123	1.2983964266099914	1.0639823820800058	1.1978626830603278	mixture_tumours
91929_N5	2	Good	4.304454607752088	2.4924201440684426	0.0069979101045141165	0.0021195017890357584	one_tumour
91930_N1	2	Good	3.3006652101039458	1.9073444347689905	0.040694605747855835	0.05260062364904619	one_tumour
91930_N2	1	1_clone	1_clone	1_clone	1_clone	1_clone	1_clone
91931_N1	2	Bad	2.8414096090390966	1.7485378996156253	0.10819152763711957	0.052999034617603004	one_tumour*
91931_N2	1	1_clone	1_clone	1_clone	1_clone	1_clone	1_clone
91931_N3	2	Good	2.410281205644641	5.022852450869866	0.0	0.0045974255624712385	one_tumour
91931_N4	2	Good	2.239664184704573	2.411857069666818	0.01867447760474903	0.09223800894347822	one_tumour
91931_N5	2	Good	3.3334053407537594	3.5243474261606926	0.01016923094773972	0.0070641101925335145	one_tumour
91931_N6	2	Good	2.8645340843760043	9.03990713685306	0.0032092390343243377	0.0	one_tumour
91932_N1	2	Bad	0.010971917245770223	0.12598954248366015	2.1852536307595862	3.4195700384702423	Symmetric
91932_N2	2	Good	2.2730729891132113	3.449177349392403	0.05751781168095979	0.04141874748978772	one_tumour
91932_N3	2	Good	4.460189851232015	5.904407163194343	0.0	0.015543178342915234	one_tumour
91932_N4	1	1_clone	1_clone	1_clone	1_clone	1_clone	1_clone
91932_N5	2	Good	2.6741375402620804	4.256914543787521	0.015866300231793907	0.004610712388653187	one_tumour
91932_N6	2	Good	2.70206280509096	2.9386880123440218	0.044962210972027086	0.05452198860412521	one_tumour
91932_N7	2	Bad	0.0	0.0	0.0	0.0	mixture_tumours
91942_N1	1	1_clone	1_clone	1_clone	1_clone	1_clone	1_clone
91942_N2	1	1_clone	1_clone	1_clone	1_clone	1_clone	1_clone
91942_N3	1	1_clone	1_clone	1_clone	1_clone	1_clone	1_clone
91943_N1	2	Good	1.5023934369880718	4.612437976437977	0.023062549485352336	0.0401012922970263	one_tumour*
91943_N2	2	Good	1.9093000261541309	3.954480163937605	0.0637780414112475	0.0	one_tumour
91944_N1	2	Good	6.6269684686300545	2.7692192094268284	0.011624921657315886	0.0013313739636611442	one_tumour
91944_N2	2	Good	2.7840230224700333	3.492122278761908	0.0	0.0	one_tumour
91944_N3	2	Good	2.219112620401497	3.3478811565838296	0.0006976023156613585	0.007913763410183553	one_tumour
91945_N1	2	Good	2.1536961708330478	2.3656187739942003	0.023190057296215042	0.01847960287557869	one_tumour
91948_N1	2	Good	2.416654916989365	6.748567696636715	0.0	0.0	one_tumour
91948_N2	2	Good	4.5129858710900415	5.513881952562067	0.0060156584526983164	0.015563371953366503	one_tumour
91948_N4	1	1_clone	1_clone	1_clone	1_clone	1_clone	1_clone
92057_N1	2	Good	2.1561977761242233	4.748520144056933	0.0004866974638886152	0.002393556622637905	one_tumour
92057_N2	1	1_clone	1_clone	1_clone	1_clone	1_clone	1_clone
92057_N3	1	1_clone	1_clone	1_clone	1_clone	1_clone	1_clone
92057_N4	1	1_clone	1_clone	1_clone	1_clone	1_clone	1_clone
92057_N5	2	Good	2.9625794298328	4.301041807603842	0.047571227025120504	0.00648533766730999	one_tumour
92058_N1	2	Good	2.704171023113701	2.547186197736113	0.059869714712570445	0.08526938354362941	one_tumour
92058_N2	1	1_clone	1_clone	1_clone	1_clone	1_clone	1_clone
92058_N3	2	Good	1.474071330793055	1.6333523579335603	0.1727877198263397	0.498197884123478	mixture_tumours
92104_N1	2	Good	1.8281675705463964	3.235066616295081	0.04048564427493547	0.022003365292238803	one_tumour
92104_N2	2	Good	4.300162129125052	2.272428175375728	0.0	0.0043827255117824945	one_tumour
92104_N3	2	Good	1.5583439441293359	2.110443571027513	0.01748075716537361	0.055092402076451163	one_tumour*
92104_N4	2	Good	2.042326232952907	3.1598089716474327	0.04472873993423285	0.016464797486854706	one_tumour
92104_N5	1	1_clone	1_clone	1_clone	1_clone	1_clone	1_clone
92105_N1	1	1_clone	1_clone	1_clone	1_clone	1_clone	1_clone
92105_N2	2	Good	1.8802420363265022	8.53472485768501	0.019970894341367798	0.02203032855939343	one_tumour
92105_N3	2	Good	3.6058834030617257	3.789222918334982	0.0007794980316345005	0.005386657332049824	one_tumour
92105_N4	2	Good	3.8949154623999744	2.305852908495881	0.01530714441992149	0.006415475656922795	one_tumour
92105_N5	2	Good	4.770577483958779	2.153883786118506	0.019319786664894412	0.0	one_tumour
92105_N6	1	1_clone	1_clone	1_clone	1_clone	1_clone	1_clone
92105_N7	1	1_clone	1_clone	1_clone	1_clone	1_clone	1_clone
92105_N8	2	Good	3.0463247366535167	7.175458981908064	0.002179021848722051	0.0	one_tumour
92186_N1	2	Good	1.1683511345847089	1.5106114030570719	0.45173255272816765	0.4023902926550142	mixture_tumours
92186_N3	2	Good	3.577525365127312	3.0315829130422958	0.0006812306281794778	0.0	one_tumour
92186_N4	2	Good	1.913621831911822	1.2668093669297633	0.06511992678576806	0.37895293000971414	mixture_tumours
92186_N5	1	1_clone	1_clone	1_clone	1_clone	1_clone	1_clone
92186_N6	2	Good	0.8944376874769715	2.6376102250815094	0.9369241022074072	0.0	mixture_tumours
92186_N7	1	1_clone	1_clone	1_clone	1_clone	1_clone	1_clone
92187_N1	2	Bad	3.3549152169723566	2.8783726983092532	0.06156406222818774	0.05378654397428322	one_tumour
92187_N2	2	Good	2.410028044284525	2.9471587437370155	0.0	0.07726981370055622	one_tumour
92187_N3	2	Good	0.03599926590921845	0.0	4.479240931012791	3.1894703522056793	Symmetric
92187_N4	1	1_clone	1_clone	1_clone	1_clone	1_clone	1_clone
92187_N5	2	Bad	0.0	0.0	0.0	0.0	mixture_tumours
92187_N6	2	Good	0.010349580288334844	0.020568121545884967	3.5070427670123987	3.712888928483931	Symmetric
92187_N7	2	Bad	0.0	0.0	0.0	0.0	mixture_tumours
92188_N1	2	Good	0.003298523545325324	0.04646468724138627	3.991501710347603	3.406750777325998	Symmetric
92188_N2	2	Good	2.0387331903845234	3.7008546970897656	0.0807478659356028	0.0	one_tumour
92188_N3	2	Good	2.090136437362847	2.6977926554421314	0.028739674297852253	0.1372420815692159	one_tumour
92188_N4	2	Good	6.4030182087270875	2.3763865437905327	0.008445270204197743	0.01161615702410674	one_tumour
92188_N5	2	Good	4.004984713683544	3.957356631251291	0.0	0.00932907520137736	one_tumour
92188_N6	2	Good	3.530240038258026	1.8390579812121202	0.0003462008005134299	0.021014711020614706	one_tumour
92188_N7	1	1_clone	1_clone	1_clone	1_clone	1_clone	1_clone
92189_N1	2	Good	2.2684263221414738	6.749698831525663	0.010939121269749828	0.0	one_tumour
92189_N2	2	Good	3.170611099703905	4.527708154760146	0.004183317249464051	0.00732547639413717	one_tumour
92189_N6	2	Good	5.015934119053269	2.350344928690062	0.0	0.01080802278828232	one_tumour
92189_N7	2	Good	3.3570614852788347	3.3622062187654094	0.0	0.0033141077573146916	one_tumour
92294_N1	2	Good	3.1348845880079996	2.8435517131979693	0.1605662983425414	0.013032917068917193	one_tumour
92294_N2	2	Good	4.088989111231892	3.773593080349659	0.0020855760093619886	0.007210478969683104	one_tumour
93091_N1	1	1_clone	1_clone	1_clone	1_clone	1_clone	1_clone
93091_N2	2	Good	0.0	0.006687726737100324	2.874071304458403	5.880152429342648	Symmetric
93091_N3	1	1_clone	1_clone	1_clone	1_clone	1_clone	1_clone
93091_N4	1	1_clone	1_clone	1_clone	1_clone	1_clone	1_clone
93091_N5	1	1_clone	1_clone	1_clone	1_clone	1_clone	1_clone
93091_N6	1	1_clone	1_clone	1_clone	1_clone	1_clone	1_clone
93091_N7	1	1_clone	1_clone	1_clone	1_clone	1_clone	1_clone
93091_N8	2	Good	3.7538159371492705	4.279065683175272	0.014342139342139341	0.02809487569761542	one_tumour
93092_N1	2	Good	4.122634822090438	2.3360978717026377	0.033948951383741044	0.013956834532374101	one_tumour
93092_N2	2	Good	1.4277849331521222	1.356781514727348	0.3990845688280841	0.663074845415576	mixture_tumours
93092_N3	2	Good	2.9297566693143735	2.367300989340866	0.0	0.09414538627587302	one_tumour
93092_N4	2	Good	1.283173450152452	0.8404464795910487	0.9264083877500164	0.0	mixture_tumours
93092_N5	2	Good	2.7950309780018565	3.5901753538655865	0.0	0.01980333587519327	one_tumour
93092_N6	2	Good	5.4148384979330535	2.334979180792253	0.018472399690961688	0.03082181860316909	one_tumour
93092_N7	2	Good	2.2775038418194855	2.753311038306615	0.0053989574979951905	0.0	one_tumour
93092_N8	2	Good	4.414225315774605	3.3966148205606568	0.002257308324965725	0.0005420448477702659	one_tumour
93093_N1	2	Bad	3.4909104863653457	1.5928061794613924	0.08529430505774592	0.045656471611795896	one_tumour*
93094_N1	1	1_clone	1_clone	1_clone	1_clone	1_clone	1_clone
93094_N2	2	Good	2.433022019692897	5.791732422255891	0.012707949030365323	0.003928796337069182	one_tumour
93096_N1	2	Good	2.6122683417638806	5.856565883912271	0.030607395887333678	0.0172074962438945	one_tumour
93096_N2	2	Good	1.5621995458164981	2.338074027177968	0.2982376701227199	0.5414852302083063	one_tumour*
93096_N3	2	Good	3.9139123060686836	2.901631731450223	0.004762835065783712	0.02528594668241763	one_tumour
93096_N4	1	1_clone	1_clone	1_clone	1_clone	1_clone	1_clone
93096_N5	1	1_clone	1_clone	1_clone	1_clone	1_clone	1_clone
93096_N6	2	Good	3.9236418740670698	2.4801214370045535	0.010324661843657943	0.04763970392626324	one_tumour
93097_N1	2	Good	1.889888510397293	10.696088995943203	0.012323109450574913	0.005139884225923869	one_tumour
93098_N1	2	Good	5.19380462869944	3.643504604105703	0.006012055559214371	0.0	one_tumour
93099_N1	2	Good	2.399652763424414	2.9057048214942953	0.016596572787718252	0.1645933014354067	one_tumour
93099_N2	2	Good	2.4236349845936886	2.02553140083842	0.02166282805758607	0.01941879742986105	one_tumour
93100_N1	2	Good	2.0337773285250687	3.6020070389357413	0.002442950521170346	0.002603888678112412	one_tumour
93100_N3	2	Good	0.002057824847422956	0.004188180656218539	2.6101743467361667	7.184135025143968	Symmetric
93100_N4	1	1_clone	1_clone	1_clone	1_clone	1_clone	1_clone
93100_N6	2	Good	2.80680805085567	2.8072799938548294	0.032506641709938416	0.04450851521164021	one_tumour
93129_N10	1	1_clone	1_clone	1_clone	1_clone	1_clone	1_clone
93129_N1	1	1_clone	1_clone	1_clone	1_clone	1_clone	1_clone
93129_N2	2	Good	3.132490683229814	1.8287308871878238	0.03633606133606134	0.02501113646093568	one_tumour
93129_N3	2	Bad	2.940468108969629	2.4470535853400963	0.04450950667762702	0.013042645862250513	one_tumour
93129_N4	2	Good	3.7121424103762717	2.1969658976930795	0.12015782611780566	0.06841846861907042	one_tumour
93129_N6	2	Good	7.085182864984188	2.064552406936864	0.03428101930603953	0.019596500432737366	one_tumour
93129_N7	2	Good	5.931658083114695	2.5547399126083326	0.002721792160655368	0.004175741304082807	one_tumour
93129_N8	2	Good	4.272441741586652	3.48401277997042	0.013883464860895174	0.010519302920859779	one_tumour
93129_N9	2	Good	2.6052734227259426	2.3671349897581537	0.10476518483598866	0.03619439469389068	one_tumour
93131_N1	1	1_clone	1_clone	1_clone	1_clone	1_clone	1_clone
93131_N2	1	1_clone	1_clone	1_clone	1_clone	1_clone	1_clone
93131_N3	2	Good	3.354191199694134	2.808461805492736	0.029968827035698913	0.019754533768359884	one_tumour
93131_N4	1	1_clone	1_clone	1_clone	1_clone	1_clone	1_clone
93131_N5	2	Good	2.2295830129946888	2.4663903340302427	0.03418833677612804	0.001981568642961674	one_tumour
93131_N6	2	Good	3.435943654754988	2.8352302386594856	0.016957221343536333	0.0	one_tumour
93131_N7	2	Good	2.7494532144757655	2.911956005785036	0.026783354533133533	0.014363584696065513	one_tumour
93131_N8	2	Good	5.89119489184022	5.121958333333334	0.023522291466922342	0.01198514908922149	one_tumour
93132_N1	1	1_clone	1_clone	1_clone	1_clone	1_clone	1_clone
93132_N2	2	Good	2.1596795992255355	2.4684766626894277	0.02513651058827169	0.0021353078207192924	one_tumour
93133_N1	2	Good	4.385547057905415	2.026980709854687	0.0	0.010733350227664739	one_tumour
93133_N4	2	Good	3.7589822193554947	3.4148784107180106	0.020730791731828336	0.002514133294332928	one_tumour
93241_N1	2	Good	0.005339590934467183	0.0015350439904091668	4.789332774729689	3.5696319724786534	Symmetric
93241_N2	2	Good	2.3743399158357175	3.2363807728557967	0.011561826376641193	0.08917789862334335	one_tumour
93242_N1	2	Bad	0.0	0.0033222083285216666	2.516635800164762	6.360814029896811	Symmetric
93242_N2	1	1_clone	1_clone	1_clone	1_clone	1_clone	1_clone
93243_N1	2	Good	4.803801182478166	2.0331018137957866	0.0013066720973449076	0.008266462568409086	one_tumour
93243_N2	1	1_clone	1_clone	1_clone	1_clone	1_clone	1_clone
93244_N1	1	1_clone	1_clone	1_clone	1_clone	1_clone	1_clone
93244_N2	2	Bad	0.0	0.0	0.0	11.646369260827091	mixture_tumours
93244_N3	2	Good	5.246608422103358	2.906707161788702	0.004675913906540033	0.0	one_tumour
93244_N4	2	Good	0.008012408336360155	0.03237734472783336	3.4238862237981023	3.175585914488514	Symmetric
93244_N5	2	Good	3.6914931783738614	3.3814143929126925	0.0007415288792521823	0.0	one_tumour
93244_N6	1	1_clone	1_clone	1_clone	1_clone	1_clone	1_clone
93244_N8	2	Bad	0.0	0.0	0.0	23.40717526265521	mixture_tumours
93256_N1	1	1_clone	1_clone	1_clone	1_clone	1_clone	1_clone
93258_N10	1	1_clone	1_clone	1_clone	1_clone	1_clone	1_clone
93258_N11	1	1_clone	1_clone	1_clone	1_clone	1_clone	1_clone
93258_N12	2	Good	7.716403501558847	4.2679354313316455	0.0	0.009090953806871064	one_tumour
93258_N1	2	Good	8.016515430336103	3.3578712788308427	0.0	0.0	one_tumour
93258_N2	2	Good	2.9679620248294474	1.8381257866148877	0.012192766795946209	0.09544423962167695	one_tumour
93258_N3	2	Good	3.529684524407727	3.8149969098088294	0.0008845592231468308	0.0	one_tumour
93258_N4	2	Good	3.2194898571698167	5.518604571601722	0.01723953828909697	0.0	one_tumour
93258_N5	2	Good	3.2888150342429774	3.98432761419916	0.0	0.0	one_tumour
93258_N6	2	Bad	2.84248922509553	2.823532049525423	0.021159721457668174	0.0905436247008908	one_tumour
93258_N7	1	1_clone	1_clone	1_clone	1_clone	1_clone	1_clone
93258_N8	1	1_clone	1_clone	1_clone	1_clone	1_clone	1_clone
93258_N9	2	Good	3.149366040033119	4.092573718974495	0.0015907511297178051	0.005412184703982045	one_tumour
93259_N1	1	1_clone	1_clone	1_clone	1_clone	1_clone	1_clone
93259_N2	2	Good	5.65806601291557	2.789705251210646	0.004009800812890952	0.012383758551504373	one_tumour
93259_N3	1	1_clone	1_clone	1_clone	1_clone	1_clone	1_clone
93260_N1	2	Good	0.001183031791533279	0.2670166874454922	1.2056620836186762	1.7133060748915463	mixture_tumours
93260_N2	2	Good	2.2790559278258486	2.7648896091407713	0.016922027051122255	0.005001262303937401	one_tumour
93260_N3	2	Good	3.617797629030905	4.685656429969847	0.0	0.0	one_tumour
93260_N4	1	1_clone	1_clone	1_clone	1_clone	1_clone	1_clone
93260_N5	2	Good	2.777197322929552	3.0526290256448316	0.0	0.0	one_tumour
93260_N6	2	Good	3.211173885040137	4.825655994387663	0.0	0.009537106732590459	one_tumour
93260_N7	1	1_clone	1_clone	1_clone	1_clone	1_clone	1_clone
93260_N8	1	1_clone	1_clone	1_clone	1_clone	1_clone	1_clone
94314_N3	2	Bad	0.0	0.0	0.0	0.0	mixture_tumours
94314_N4	1	1_clone	1_clone	1_clone	1_clone	1_clone	1_clone
94314_N5	2	Good	3.3037011401580556	3.5404263723496956	0.0	0.0	one_tumour
94314_N6	2	Good	2.1574156889567004	2.426894491847375	0.001333806894401844	0.03686274950548463	one_tumour
94314_N7	1	1_clone	1_clone	1_clone	1_clone	1_clone	1_clone
94315_N10	2	Bad	2.0263287336735503	2.638391243574858	0.01141595825586594	0.03339066855134908	one_tumour
94315_N1	2	Good	3.090758366959411	3.018906186743219	0.016103858427618217	0.03278779848836159	one_tumour
94315_N2	1	1_clone	1_clone	1_clone	1_clone	1_clone	1_clone
94315_N3	2	Good	4.977243834223238	3.0497839748625304	0.004538520213577422	0.014606245090337784	one_tumour
94315_N4	1	1_clone	1_clone	1_clone	1_clone	1_clone	1_clone
94315_N5	1	1_clone	1_clone	1_clone	1_clone	1_clone	1_clone
94315_N6	2	Good	5.185528069083449	4.421663417286702	0.0	0.0052765401371685505	one_tumour
94315_N7	2	Good	3.2432596719648847	3.6737487366709325	0.006018604638890319	0.0019147873461181695	one_tumour
94315_N8	2	Good	4.265649024572297	2.994638441933514	0.0055045039162247515	0.004431684143854492	one_tumour
94315_N9	2	Good	1.0854656208268993	0.7061162425435176	1.5572737565487322	0.9258625810349949	mixture_tumours
94316_N1	2	Good	1.4638401629351272	1.2312495009035493	1.0914895339602302	0.4427350310128817	mixture_tumours
94316_N2	2	Good	1.4090961933274175	1.092256805884984	0.8890776582839476	0.7638672975383656	mixture_tumours
94316_N3	2	Good	7.085691611791189	3.678461633547492	0.0049293544447929155	0.0	one_tumour
