s,efr,repair,duplex rate,r-u,MRCA 0,MRCA 1,MRCA 2,MRCA 3,MRCA 4,MRCA 5-300,egfr_c3h_sd_mse,braf_c3h_sd_mse,hras1_c3h_sd_mse,hras0_c3h_sd_mse,MRCA 0 all 4,MRCA 1 all 4,MRCA 2 all 4,MRCA 3 all 4
0.8,0.05,0.2,0.05,0.15,0.08917672472911808,0.6950435468385681,0.16984981484021397,0.03676621862570292,0.00721780277053902,0.001945892195857907,0.2662164026142547,0.13937642662942049,0.19249890470687706,0.14614771667315093,0.6052100355666634,0.62335195668529,0.6380337135358837,0.6502681277687107
0.8,0.05,0.3,0.05,0.25,0.10103757331733096,0.6879343386437987,0.1662924175845448,0.03582144447240558,0.0071042799899339905,0.0018099459919859076,0.2610959143603587,0.1341521353551528,0.18716194219044668,0.13664875624420028,0.6192164000383178,0.6293544937813045,0.6414062045282579,0.6546879221831937
0.8,0.05,0.3,0.15,0.15,0.2406621229853669,0.5841231230542105,0.13821511347729307,0.029495681972906196,0.005958800896497388,0.001545157613725895,0.20661233236074256,0.17054952859268552,0.1915336141490425,0.04557445840639157,0.6137562774140233,0.6314576430994068,0.643201062593392,0.6530082987551867
0.8,0.05,0.3,0.25,0.05,0.33183706029832605,0.5164801073771115,0.11981158355914605,0.025286803251703092,0.0052105756324866415,0.0013738698812267329,0.23947136428642832,0.25886018685373363,0.26623133426935097,0.0389219284430324,0.6206475492721272,0.6330215624502005,0.641724793912492,0.6519779669504256
0.8,0.05,0.4,0.05,0.35,0.11422589429466835,0.6820624267039469,0.16132088597950028,0.033943112324337936,0.006599129391965759,0.0018485513055807698,0.25781425425389615,0.13191494677594606,0.18419204542603484,0.1288997958960171,0.6237819025522042,0.6301836938888511,0.6431329061935271,0.648643373023619
0.8,0.05,0.4,0.15,0.25,0.2638905176853301,0.569489555024143,0.13208547697108447,0.02757963114983964,0.005384376131305354,0.001570443038297395,0.2119456363783478,0.19272136806082368,0.2079113528947528,0.03985205749426553,0.6228576949087045,0.6316501029635598,0.6441227562246671,0.6476243298206693
0.8,0.05,0.4,0.25,0.15,0.36010059510470355,0.4971157756695965,0.11327324186814737,0.02354274046960982,0.004681158337690795,0.0012864885502519028,0.26014645300124317,0.28723413770670375,0.29390151450736923,0.03907718062243608,0.6258470474346564,0.6328179784285571,0.6427550833485987,0.640578177331218
0.8,0.05,0.4,0.35,0.05,0.42617893960936654,0.44747478629044934,0.10035877353250447,0.020705459855442563,0.00412222753997338,0.0011598131722636968,0.31701053325451745,0.35328571412107135,0.35896232140464435,0.039282417465137096,0.6267961801713186,0.6340570375748491,0.6433444722918407,0.6394466003036949
0.8,0.05,0.5,0.05,0.45,0.13248964743217617,0.6705522659545649,0.15665466929834745,0.032539958976740585,0.006130268199233717,0.0016331901389372654,0.24961994458669287,0.12850893523604806,0.17898221532260133,0.11708454394502131,0.6280306128410352,0.6328608366423493,0.6442511981817284,0.6531874405328258
0.8,0.05,0.5,0.15,0.35,0.2958686890723496,0.546732727836401,0.12527700910541847,0.02589819843611854,0.004897176516517206,0.0013261990331951638,0.2227341264103251,0.22402936098611265,0.23364616203704386,0.03900899497197561,0.6262540021344717,0.6344467662840881,0.6453874707850236,0.6517401906450898
0.8,0.05,0.5,0.25,0.25,0.39387268641955053,0.4723373030522626,0.10653066619267038,0.02192688607225709,0.004183928791172731,0.0011485294720866319,0.2877218199791031,0.32099870955525606,0.32711357156165,0.03928439189407761,0.6272969220087943,0.635493457871782,0.6447334645332421,0.6539181043442112
0.8,0.05,0.5,0.35,0.15,0.46189983730814343,0.42092419063954295,0.09396400600320338,0.018501469271417943,0.0037078609173802827,0.0010026358603120152,0.3507315513186807,0.38907901304686415,0.3944723688869055,0.039547374196978825,0.629073434449617,0.6367694865994517,0.6452587074692974,0.6503067484662577
0.8,0.05,0.5,0.45,0.05,0.5086224720553079,0.3853621502875234,0.08459972862957937,0.017154487303741035,0.003330748853136913,0.0009304128707113781,0.3959803132138096,0.43620116560114286,0.4410962043275485,0.0627300274038056,0.6307585795133354,0.6376409439577483,0.6436399740329171,0.6480225988700565
0.8,0.05,0.6,0.05,0.55,0.15758294937283876,0.6555943893869302,0.14837716817933194,0.030954786913513863,0.006155728814187842,0.0013349773331973634,0.24061925964664913,0.13091995185029648,0.17637591397960295,0.10318938744383765,0.6260736557242028,0.6361695207658696,0.638987816307404,0.6412099430967355
0.8,0.05,0.6,0.15,0.45,0.3358490071604987,0.5185760237940816,0.11577340592100523,0.023938208761620252,0.004815156934808672,0.0010481974279855611,0.24551268022186995,0.2638604158640703,0.27063913467725564,0.03929536259178496,0.6290451575148737,0.6369367206943164,0.6406179266636487,0.6390257252326218
0.8,0.05,0.6,0.25,0.35,0.434260301619659,0.4431750185089401,0.09743815985639091,0.020136712609405583,0.004092250585693857,0.0008975568199105486,0.32538923679256415,0.36177417038040954,0.36718178428166026,0.039546207982490034,0.6293891658979179,0.6377367126265805,0.6419984387197502,0.6373709393099974
0.8,0.05,0.6,0.35,0.25,0.4996165011711147,0.39311516511067857,0.0854625078349223,0.017508989542440536,0.003517467753109227,0.0007793685877346353,0.3876716683054739,0.4273446341746295,0.4322098697405992,0.05612261859312775,0.6330689424640349,0.6379599714681324,0.6416405307599518,0.6398963730569949
0.8,0.05,0.6,0.45,0.15,0.5441183127822795,0.3589847164233157,0.07713174380421421,0.01584770049900582,0.003210630599886479,0.000706895891298216,0.4308703098936881,0.47217183382281175,0.4767235153942821,0.09313517598786478,0.6335669258583725,0.6382869337472111,0.6427088036117381,0.6392001757855417
0.8,0.05,0.6,0.55,0.05,0.5780518428635519,0.33295896952598314,0.0708691764096604,0.01450684844889934,0.002956771518642414,0.0006563912332627763,0.46403780305948655,0.5063929153328017,0.5107544092556855,0.1249685406858436,0.6346063693471263,0.638865276446438,0.6434124994689213,0.638854296388543
0.8,0.05,0.7,0.05,0.65,0.195957891817562,0.6285720888847802,0.1399946844775188,0.028703821398444632,0.005581298605253123,0.0011902148164411421,0.22568090663827983,0.14396880991931799,0.17918606057863184,0.07891676451827023,0.6258992805755396,0.6377490991984704,0.6411886091621957,0.6396940418679549
0.8,0.05,0.7,0.15,0.55,0.38992412237932716,0.47820422964407605,0.10499451487079474,0.021590078010726474,0.0043957215992198925,0.0008913334958556802,0.28594774548243407,0.31769555275638084,0.3235291942337405,0.039508172978838574,0.6309126077017759,0.6389574803651368,0.6406907560586272,0.6379675370501059
0.8,0.05,0.7,0.25,0.45,0.4858079534653409,0.40389420422659467,0.08802085408401965,0.017831835489507505,0.003682476080980324,0.0007626766535569759,0.374382109981921,0.41346707608908767,0.4184464619177435,0.04738701419091425,0.6322535293773065,0.6400659498611952,0.64118978338183,0.6367698691350143
0.8,0.05,0.7,0.35,0.35,0.5453360522096926,0.35808782455072685,0.07710648579175162,0.015572985026499961,0.0032017948217213394,0.0006948575996076099,0.43196850338990217,0.47335938748978795,0.47793471416309063,0.09424289917001606,0.6324441816501079,0.6408106839829036,0.6428319001060195,0.6410032079323418
0.8,0.05,0.7,0.45,0.25,0.5880360705570872,0.32544211324284267,0.06907489053242163,0.014056353645336361,0.0027833616823875057,0.0006072103399246456,0.47381620198671837,0.5164704593419074,0.5207919095159959,0.13459741872111866,0.6358872726339824,0.6382547224475605,0.6444444444444445,0.6415347464448619
0.8,0.05,0.7,0.55,0.15,0.6172151179495788,0.3028432515149265,0.06388679939693495,0.012907141542723027,0.002585948067964268,0.0005617415278723878,0.5024439220175814,0.5461600429109473,0.5500895039333217,0.16305389582263854,0.6363954954153873,0.6390742596422404,0.6442973369043408,0.6428214107053527
0.8,0.05,0.8,0.05,0.75,0.26187136846323383,0.5820630981921304,0.12433148898787047,0.025815699027480234,0.004916542083442504,0.0010018032458425166,0.2233931280871222,0.19402788370009727,0.21041478092341676,0.045094137050186216,0.6289211935730681,0.6386432240639729,0.6463369282261063,0.6346268656716418
0.8,0.05,0.8,0.15,0.65,0.4684370521165205,0.41970732954182377,0.08898788603562072,0.018495020220370084,0.003624147595008353,0.0007485644906566371,0.35888034007650815,0.3966097838932434,0.4014562396118778,0.0406510827881775,0.6344857153993062,0.6399425787367322,0.6451579811243332,0.633761105626851
0.8,0.05,0.8,0.25,0.55,0.556009562291312,0.351186841455651,0.07399082747599683,0.015071002611440969,0.003085657862256233,0.0006561083033429043,0.442890552221205,0.4844000449245496,0.4887977996383748,0.10416187472788986,0.6358261966795574,0.6413125913320138,0.6441615452151009,0.631896551724138
0.8,0.05,0.8,0.35,0.45,0.6061152165596118,0.3121589513319775,0.06512393532408432,0.01330467349938586,0.0026931518434246825,0.0006040714415158166,0.49184397827859805,0.5349214175390882,0.5390381659204394,0.15223791586681915,0.6351925983754962,0.6413217009885342,0.6464404421426915,0.6329928111993947
0.8,0.05,0.8,0.45,0.35,0.6400026334847587,0.2862885970109948,0.05889541773651985,0.011978240832181184,0.0023413325432879058,0.0004937783922575548,0.5252589314859099,0.5701066497052385,0.5731422766531254,0.18564953053239033,0.6383538216232898,0.6405461731943946,0.6450779012086914,0.6396427344555136
0.8,0.05,0.8,0.55,0.25,0.6641105999749837,0.26731338512640196,0.054691951690686975,0.011236501605214515,0.002168081942379053,0.000479479660333829,0.5490153483605803,0.5957539199689675,0.5973713150168913,0.20958254889125089,0.638174312934566,0.6405973796402205,0.6470364017533828,0.6394557823129252
0.8,0.15,0.2,0.05,0.15,0.08761606358182722,0.638083593071939,0.20703395797966123,0.05259911461432229,0.011375732135351561,0.0032915386168987483,0.2001337111533447,0.08738652482590886,0.13993537220829289,0.09612989498817989,0.5594043984798455,0.5864493776466059,0.6282957182029107,0.6419676214196762
0.8,0.15,0.3,0.05,0.25,0.09878001273782949,0.6379364716212289,0.20087433451024284,0.04908392745620598,0.010499434217767417,0.0028258194567253887,0.20208144665712702,0.0882504362109321,0.14135675554907007,0.09181884835087334,0.5761502347417841,0.598949296784887,0.6319029735886228,0.6511715797430083
0.8,0.15,0.3,0.15,0.15,0.23388472523049203,0.5517001782599529,0.1642435452646106,0.03938490732399225,0.008481723562898929,0.0023049203580533246,0.16660020767815145,0.1569535966036061,0.1754449918790422,0.03772564369963963,0.5744754958203573,0.6039294369023113,0.6336105032822757,0.6510524394695218
0.8,0.15,0.3,0.25,0.05,0.3241553994629267,0.49334912500830624,0.14000257982808964,0.03338141194773112,0.007168795024840618,0.0019426887281056636,0.2156865770060584,0.2464059380540453,0.2570016034327437,0.038162477158292844,0.5844035259077042,0.6084348804411555,0.6331630231454337,0.6509367681498829
0.8,0.15,0.4,0.05,0.35,0.11263592157307513,0.6368076328735274,0.19384861845556234,0.04474956405857919,0.009463118646951246,0.002495144392304748,0.20359992616532188,0.09035959929473228,0.1435182160820348,0.08722285321515386,0.5828193832599119,0.6095484043322907,0.6364500676491023,0.6535719942974814
0.8,0.15,0.4,0.15,0.25,0.2581142503520977,0.5404432162519739,0.15639003883743757,0.0355245187998805,0.0074634031838163115,0.0020645725747940762,0.17748359696701882,0.18096537236613197,0.19613454203978767,0.03802013910207246,0.5843788107393093,0.6129411184048171,0.6386832679515606,0.6508484757471091
0.8,0.15,0.4,0.25,0.15,0.35148355951570864,0.4777733554166078,0.13255528308104475,0.030107720158691436,0.006428115945750467,0.001651965882196858,0.23904964429774003,0.2741133911375223,0.2835998757777265,0.03851402441185803,0.5929159360997467,0.6164085383878105,0.6375875762761114,0.6490405117270789
0.8,0.15,0.4,0.35,0.05,0.41708872497966987,0.4343764712596122,0.11569628921575621,0.025976203044526556,0.005410668683035396,0.0014516428173997403,0.30123133690441645,0.34070167480239605,0.34814440525287227,0.038820584789698895,0.5961433213613819,0.6186949345989309,0.6388803255441149,0.6446519291500755
0.8,0.15,0.5,0.05,0.45,0.1307478304197982,0.6343063571814143,0.18363991197109994,0.040875306232612214,0.008246480920151143,0.0021841132749242202,0.20543538274919457,0.09555516194774215,0.1474640604205151,0.08339394963388569,0.5920350609756098,0.6183817753338571,0.6398950843395288,0.6511580658268996
0.8,0.15,0.5,0.15,0.35,0.2883903236666186,0.5262287789159813,0.1452111287452508,0.03204203337661713,0.0064144183138556245,0.0017133169816765258,0.1966727158694925,0.21171763877138086,0.22373324570083394,0.03845421293660284,0.5926790627866255,0.6215913634546182,0.6401573173256054,0.648968105065666
0.8,0.15,0.5,0.25,0.25,0.38306929575344784,0.4609211838416527,0.12223654255018909,0.026863158290842726,0.005461062296562494,0.0014487572673051233,0.26934921150621804,0.3066618649970249,0.31480882396257426,0.03881752531667682,0.5958570218200125,0.6230125523012552,0.6401662369646361,0.6497986342146734
0.8,0.15,0.5,0.35,0.15,0.4489153199941264,0.4149876732126158,0.10683730959170898,0.023285649146398954,0.0046988631533390526,0.0012751849018107625,0.3330875901664193,0.3733652372394035,0.3800246749197528,0.03908597390696529,0.6032985289180791,0.626027767172907,0.6415292245370371,0.6437105874543644
0.8,0.15,0.5,0.45,0.05,0.49788794473591935,0.38137589995838156,0.09499496973649284,0.02054051574128388,0.0040733664751780255,0.001127303352744361,0.38165924777478766,0.42328155706657566,0.4290890712490345,0.0546050170394551,0.6064291920069504,0.6277217343484164,0.6412998482130536,0.6421506062539886
0.8,0.15,0.6,0.05,0.55,0.1549601593625498,0.6278386454183267,0.17030876494023905,0.037370517928286856,0.007729083665338646,0.0017928286852589642,0.20582936555930015,0.10638712024329383,0.1533884814503584,0.07789112152913481,0.5957706646098471,0.6269532799238519,0.6398619802327622,0.6473880597014925
0.8,0.15,0.6,0.15,0.45,0.32610037444964135,0.5060625180023866,0.13199692759268658,0.02848834816958591,0.006000795534036513,0.0013510362516630777,0.22497543215016008,0.2502652510703607,0.25970716137294714,0.038855321838595594,0.5996845425867507,0.6291959724085593,0.6408790980412532,0.6420317766008666
0.8,0.15,0.6,0.25,0.35,0.42054700622145014,0.43886077870160584,0.11058379074160314,0.023813136730625337,0.005049368698100077,0.001145918906615458,0.30684741643251345,0.34527496688861065,0.3521458552407498,0.0391682060847654,0.6028218782660628,0.6308660816482259,0.6409103813759819,0.6413974950560316
0.8,0.15,0.6,0.35,0.25,0.48446537727542727,0.39289641197608827,0.09664957682634503,0.02071844733815556,0.004275970729611203,0.000994215854372654,0.36905589046912884,0.40997701855421076,0.415831408062143,0.046397956777562234,0.6111270532787242,0.630131992322786,0.6440589312178537,0.6337942252948353
0.8,0.15,0.6,0.45,0.15,0.5301048138017797,0.36022234944059256,0.08635653655054457,0.018566814381329996,0.003862491077044859,0.0008869947487083801,0.41423149440560714,0.45638025725995074,0.46163381270704124,0.08051199360187966,0.6135672764119247,0.631490655810075,0.6448418381961779,0.6366577845451085
0.8,0.15,0.6,0.55,0.05,0.5669295168380158,0.3339301673769904,0.07825315085816427,0.016600903458800213,0.0035050067181828684,0.0007812547498464849,0.45083744946661997,0.49384514529478896,0.49872544696629595,0.114093242437329,0.6167424502402197,0.632522826789502,0.6445497630331753,0.6343160593297931
0.8,0.15,0.7,0.05,0.65,0.19133345731820717,0.610947864360548,0.15614655012088524,0.033339532577025606,0.006657987725497489,0.001574607897836464,0.20166254139357176,0.128638880666888,0.16493368558516608,0.06390121037311214,0.6024494556765163,0.6314432989690721,0.6445926631729395,0.6355522499070286
0.8,0.15,0.7,0.15,0.55,0.375116284617036,0.47553848722658204,0.11784302968140002,0.025117477279774824,0.005200009541301911,0.0011847116539051754,0.2663312497711589,0.3001928294608873,0.307678354478005,0.03911095137930139,0.6089490864385942,0.6344134563937934,0.6436812630726672,0.6324786324786325
0.8,0.15,0.7,0.25,0.45,0.4665885592103336,0.40843560528396944,0.09884889136229168,0.02073167159719985,0.004399402477959052,0.00099587006824639,0.35236607792505625,0.3922781879478834,0.39821310462582654,0.03995119468557956,0.6114954362264435,0.6362267290094948,0.6430603295010074,0.6332297259112744
0.8,0.15,0.7,0.35,0.35,0.5257178087017791,0.3652735414368226,0.08628074501914465,0.018046039883926834,0.003824295634276814,0.0008575693240499522,0.4103531416261693,0.45218829033403474,0.4574108828875393,0.07674046901210597,0.6140762359912177,0.6365689919922841,0.6443346048460753,0.6372977138453635
0.8,0.15,0.7,0.45,0.25,0.5698041330564193,0.3331153209181,0.07694690823972186,0.01610232049354951,0.003247237553212241,0.0007840797389970664,0.4539912923236367,0.4969498219185227,0.5017571475059439,0.11683217539765574,0.6196526980674869,0.6334075826118906,0.6480266428074362,0.6351543942992874
0.8,0.15,0.7,0.55,0.15,0.6021762579963957,0.3091244455886618,0.07032917613090137,0.014622446286055068,0.00302746882098176,0.0007202051770042724,0.4861010220274987,0.52990172524937,0.5343534437090316,0.1479835519392065,0.621894989771731,0.6344075819391294,0.6477920392938232,0.6396255850234009
0.8,0.15,0.8,0.05,0.75,0.2529872609368314,0.5762039566806018,0.13585042298956515,0.02829257052569209,0.0056124296388952895,0.0010533592284143651,0.20839226755348922,0.18197996304584432,0.20001155702800874,0.042410609676959345,0.6135579988289637,0.635636550601274,0.65035134480252,0.6387434554973822
0.8,0.15,0.8,0.15,0.65,0.44603559717193925,0.42884356578273974,0.09927592546960592,0.020802926625850596,0.004189017571128002,0.0008529673787364709,0.3344344322900696,0.3725246939326598,0.3782938209442065,0.039575973517260825,0.6200624694558358,0.6381356494066167,0.6488782816229117,0.6359908883826879
0.8,0.15,0.8,0.25,0.55,0.529369846957124,0.3658111006033805,0.08344100057274531,0.017069142347190217,0.0035496889859743994,0.0007592205335855189,0.4148915205260391,0.456422139459931,0.4614246728574442,0.07996012101144066,0.6216362424044183,0.6398558112438101,0.6468991938702211,0.6367538041357784
0.8,0.15,0.8,0.35,0.45,0.5803672555260015,0.3276446139102002,0.07314873182556644,0.015031544205449896,0.003131358168949842,0.0006764963638320444,0.4651516928986167,0.5080653733491026,0.5126525098613944,0.12699894589045502,0.6213364181450509,0.640581251661948,0.6489175366075808,0.636890555744971
0.8,0.15,0.8,0.45,0.35,0.6164026894845155,0.3008714996292377,0.06594152787382418,0.013501578864051057,0.002686984994542713,0.0005957191538288495,0.5008606262581626,0.5449416826449878,0.5489610984370101,0.16206671297334996,0.6258844997127699,0.6379408221757612,0.6473561185166467,0.6334464671397717
0.8,0.15,0.8,0.55,0.25,0.6445699303518162,0.27938140354935836,0.06052416655274789,0.012478486878310217,0.0024711610250586244,0.0005748516427086729,0.5287822472168899,0.5745606425277665,0.5773252063418173,0.1898852101082241,0.6270487791614552,0.6384668464964557,0.650836856431343,0.6365168539325843
0.8,0.25,0.2,0.05,0.15,0.08708089097303634,0.5802227432590856,0.24155920281359905,0.06924384525205159,0.016594372801875732,0.0052989449003517,0.13556173475415392,0.05148312530626467,0.09248335917395666,0.05878071528673424,0.5110393107162089,0.5525629887054735,0.6160883280757098,0.6312537035469398
0.8,0.25,0.2,0.15,0.05,0.21092949277617923,0.5181563503572052,0.1988809341239172,0.05470820015639591,0.013270876196694429,0.004054146389608024,0.11388683057804135,0.13209621397445118,0.14985353391311007,0.03594585361039198,0.5258611381060361,0.5640586080586081,0.6174225072530157,0.6346100471829031
0.8,0.25,0.3,0.05,0.25,0.09739065540126336,0.5869026359977612,0.23280204696287216,0.0636610783869506,0.014939097523921214,0.004304485727231536,0.14417447383996204,0.055285167527116666,0.09955336679792028,0.055328933822952016,0.5283935413245758,0.5728655767484105,0.6242772912015571,0.6423487544483986
0.8,0.25,0.3,0.15,0.15,0.22917411332343243,0.5170740302565007,0.1884360762202029,0.05011201449895537,0.011835779192992172,0.0033679865079165303,0.1290190733726301,0.14946453657287528,0.16667301282435018,0.03663201349208347,0.5335661877773384,0.5813122511172342,0.6248998129842372,0.6406469760900141
0.8,0.25,0.3,0.25,0.05,0.3171107116165391,0.4692144545215828,0.15929060536893772,0.04188902579433212,0.009796594420990972,0.0026986082776173067,0.19507677563103745,0.23594916744295052,0.2491808758531019,0.03730194630654293,0.5471234203016714,0.587892928788518,0.6248795333502409,0.6396952454431478
0.8,0.25,0.4,0.05,0.35,0.1109996554232551,0.5928021746621234,0.22279566599027528,0.05693939277920288,0.012902484781193766,0.003560626363949615,0.15270805714106875,0.06206299583455151,0.10800330600546562,0.05258159095717025,0.5409078366445916,0.5896250177609569,0.6302584547704152,0.6469876277568585
0.8,0.25,0.4,0.15,0.25,0.25181333198700795,0.5129275284270993,0.1780290918474389,0.04429410477777217,0.010080611231719426,0.002855331728962264,0.14691849007681587,0.17159442479692752,0.18790911839389418,0.03714466827103774,0.5463922119004656,0.5957172229756332,0.6320267204436602,0.6443768996960486
0.8,0.25,0.4,0.25,0.15,0.34211481592973636,0.45992332619127724,0.14970871035716182,0.037548917181662034,0.008446514263453333,0.002257716076709224,0.22024150513236956,0.261649033188939,0.2735893628003379,0.03777424140442727,0.5571615274129476,0.6008874515126139,0.6328582411733397,0.6424192407451073
0.8,0.25,0.4,0.35,0.05,0.40736106348360923,0.4218073968145105,0.12985648516332382,0.031942448142770634,0.00712102087422205,0.0019115855215637062,0.28570080158662303,0.3282206725173784,0.3372902048495347,0.03819706583348805,0.5640531948238033,0.6041945945945946,0.6330205641083267,0.6381909547738693
0.8,0.25,0.5,0.05,0.45,0.1282620217572921,0.5977775581886291,0.20901193866276196,0.05108741544570109,0.010878646053234398,0.0029824198923813546,0.16213482033400461,0.0727618110188807,0.1185009837797942,0.052919426566161346,0.5558201428771536,0.6046375330608319,0.6366097906906778,0.6507824863724283
0.8,0.25,0.5,0.15,0.35,0.2796578018892978,0.5064241182644764,0.1638086927931004,0.03935404732096564,0.008466431452887693,0.002288908279272102,0.17189683196049738,0.19981686767934648,0.2143894889179703,0.03774226107770763,0.5585701688937122,0.609728690397413,0.6370479021113985,0.6497429305912596
0.8,0.25,0.5,0.25,0.25,0.37084922921208346,0.4500107053877297,0.13739878542510123,0.032860674244783554,0.007031493304266584,0.0018491124260355029,0.2506825964918147,0.29163094440008097,0.3017962646639069,0.0382662025119281,0.5645116846649434,0.6118145741195299,0.6364215894602635,0.6474159632755813
0.8,0.25,0.5,0.35,0.15,0.43614199714614355,0.40843350158701297,0.11951808562359925,0.02837650351198264,0.005921159250724334,0.0016087528805372522,0.3157877594161995,0.3581727214179231,0.36613968004722586,0.038607315333309675,0.5735907195939822,0.6154359818058647,0.6374640341303701,0.639782699540326
0.8,0.25,0.5,0.45,0.05,0.48655302274209217,0.3768813126272506,0.10538344844105553,0.02463837545078313,0.005156559809440164,0.0013872809293784183,0.36684824153135837,0.4099027560790203,0.41661748848449426,0.047111187669685604,0.5800536061045319,0.6172077750119167,0.6368974334690786,0.640696732379152
0.8,0.25,0.6,0.05,0.55,0.1523238866396761,0.5980350877192983,0.1930148448043185,0.04508502024291498,0.009392712550607288,0.002148448043184885,0.16916612858670277,0.0888639975411273,0.13134792014659913,0.05366355077145355,0.5643915231412574,0.6195006589280234,0.638046761382705,0.6501436781609196
0.8,0.25,0.6,0.15,0.45,0.3146144363785783,0.49404191206684017,0.14851606485052515,0.03403282895637944,0.00720881782596472,0.0015859399217122384,0.20351611720606239,0.2357790167652479,0.24798789413706504,0.03851533083886148,0.5714776711041862,0.6221382399719843,0.6392583244345209,0.6443550095318789
0.8,0.25,0.6,0.25,0.35,0.40512678983083866,0.4351927010617228,0.12407329242291416,0.028226024654480125,0.006033745684383692,0.0013474463456605735,0.2867375927242039,0.32737615801840575,0.3358387621126135,0.03885551540383596,0.5763173712682829,0.6240161151937926,0.639480111653873,0.6432131901840491
0.8,0.25,0.6,0.35,0.25,0.46804190377651317,0.3932531470943266,0.10772978099672358,0.02462062424555958,0.005091395068115193,0.0012631488187618556,0.34938709116940747,0.39154424908390306,0.39840553637839665,0.039866154293653804,0.5857581032910553,0.6239708832589702,0.6420825163071752,0.6300122570478025
0.8,0.25,0.6,0.45,0.15,0.5154972250741297,0.3615588406338175,0.09551775880760753,0.021729141388396288,0.004577012269982697,0.0011200218260663541,0.3970967029102274,0.44009911369451804,0.4460653580744498,0.06797796326497343,0.590550139275766,0.6255088464822574,0.6424759470835839,0.6337353378490005
0.8,0.25,0.6,0.55,0.05,0.5554985719988944,0.3347203881706231,0.08562171790068483,0.019162853545435003,0.004062893468046556,0.0009335749163160642,0.4373723558527407,0.4810407256632993,0.4864407688484326,0.10335091705746433,0.5962175280700106,0.6269370154594247,0.6419066747964564,0.6326923076923077
0.8,0.25,0.7,0.05,0.65,0.1872601894335775,0.5921006734819824,0.17234162440634307,0.0388392497786364,0.00783492983444686,0.0016233330650138184,0.17686944453675477,0.11676770139089311,0.151515172465339,0.05007903085980671,0.5784496346181401,0.6284044047672996,0.6433909388136385,0.6483592400690846
0.8,0.25,0.7,0.15,0.55,0.35954943846435833,0.4740227280301263,0.13007798180424568,0.029059886026593793,0.006040257273302896,0.001249708401373013,0.24661204321543356,0.2824505034734419,0.2916300292529718,0.03895208160599703,0.5855037538233386,0.6306770247469067,0.6435662588868251,0.6387614678899083
0.8,0.25,0.7,0.25,0.45,0.44650291549593646,0.41383727605063597,0.1095078401160156,0.023964470225686575,0.005124021873772621,0.0010634762379528083,0.32970100324690715,0.37043334270516587,0.3773816297867527,0.039240642774550895,0.5889246758870815,0.6315996962971615,0.6424984825911825,0.6389309127584468
0.8,0.25,0.7,0.35,0.35,0.504806211833372,0.3732642919068983,0.0957878729018718,0.020802440769183392,0.004405891577167059,0.0009332910115074308,0.3874498116755288,0.4297664433725467,0.4357144802067735,0.05970844512374262,0.5939374032189949,0.6318013935955527,0.6444928037984075,0.6433614210885903
0.8,0.25,0.7,0.45,0.25,0.550934913264276,0.3408745010948735,0.08497693777080648,0.018597319501172525,0.0037660542622416178,0.0008502741066298085,0.4335345529075335,0.476811758839504,0.4821351521900455,0.09920041112499854,0.6002917527008267,0.6301695957720651,0.6466852469502444,0.6340292275574113
0.8,0.25,0.7,0.55,0.15,0.5867457623770851,0.3154687638881116,0.07698663778488117,0.016608123989768474,0.0034170927059226316,0.0007736192542310389,0.46932251139309655,0.5133125681199971,0.5182531798863974,0.13287442284820083,0.6046152810350438,0.630873743856244,0.6465406653553408,0.6388503468780972
0.8,0.25,0.8,0.05,0.75,0.244429092712651,0.5697204803911149,0.14702235448329615,0.031423814078718956,0.006323732596450207,0.001080525737768803,0.19348027638965962,0.17094627412886337,0.19028077547068678,0.04028310015260652,0.5964200304369882,0.633896091782483,0.6497590361445783,0.6567080045095829
0.8,0.25,0.8,0.15,0.65,0.4223763665785215,0.4396830721869203,0.10893160200497297,0.023384773256502348,0.004755890594782334,0.0008682953783005091,0.3092903869654713,0.3474852041239866,0.35418026787998635,0.03948152720012019,0.6019342630878127,0.6352415789591795,0.6483695652173913,0.6472573839662448
0.8,0.25,0.8,0.25,0.55,0.501196646654176,0.382256807209967,0.09237428372150272,0.019337809931483433,0.004020732758031209,0.0008137197248396493,0.38581554837066234,0.4271310604886534,0.43272588094233294,0.057170620900103296,0.6039347304082078,0.636453078601839,0.6466059663927752,0.6421499292786421
0.8,0.25,0.8,0.35,0.45,0.5530167349815941,0.3445787536224317,0.0811685768738741,0.016996057750045687,0.0035193065817298906,0.0007205701903245177,0.4370569124640312,0.47974699711551955,0.48476731289485686,0.10117799157915193,0.6046586284710748,0.6368650745544915,0.6484400128658733,0.645468509984639
0.8,0.25,0.8,0.45,0.35,0.5921119292083221,0.3157297014320454,0.07305035801134828,0.015409686571196974,0.003039718994866252,0.0006586057822210214,0.47583531160466597,0.5194471642676662,0.524121404889053,0.13819569520641467,0.6097540106951872,0.6368255666243231,0.6493093683176328,0.6367123287671232
0.8,0.25,0.8,0.55,0.25,0.6246439527700032,0.2913519002749304,0.06655296744357204,0.014050817891351193,0.0027740723311053474,0.0006262892890378144,0.5081335718227606,0.5531563514129556,0.5568876815801495,0.16997340084298868,0.612218540232815,0.6368030507280699,0.6509117975437291,0.6388818937295392
0.8,0.35,0.2,0.05,0.15,0.08635193351857044,0.5220436411838181,0.27222208060363506,0.08777944887710622,0.023369191159601316,0.008233704657268857,0.07525993521103858,0.04495561399138186,0.06376589228204396,0.053983805232392774,0.46280442804428046,0.5202705177191548,0.6002200580578706,0.6195731087556265
0.8,0.35,0.2,0.15,0.05,0.20613483164079094,0.47951716454397536,0.22139576637304328,0.06836962881623558,0.018523119835207554,0.006059488790747257,0.07704028359672871,0.1260131898936702,0.1433175009926239,0.03394051120925275,0.4817248619643829,0.5381773810717748,0.6001737745275505,0.6262602579132474
0.8,0.35,0.3,0.05,0.25,0.09614154454524308,0.5353425215166318,0.2621467201674808,0.0797859967434287,0.02010642009769714,0.0064767969295184925,0.08887272396882924,0.04824668171226789,0.07037168046266763,0.04764661740235607,0.4823831846363224,0.5495071015397985,0.6139256301472423,0.6336552478134111
0.8,0.35,0.3,0.15,0.15,0.2240487791889661,0.4835636499187901,0.20956945442926753,0.062134888303112604,0.0157627073514924,0.004920520808371276,0.09751715657240907,0.1434875639251363,0.1604392030481399,0.035079479191628724,0.4912889501580586,0.5610532343677731,0.6137114397519947,0.6312992800822763
0.8,0.35,0.3,0.25,0.05,0.3085754766016666,0.4464755788803005,0.17656477926258782,0.05161717610368706,0.012801596217367248,0.003965392934390771,0.1774334057800898,0.22542112222220187,0.24002982108959858,0.03603460706560923,0.5092168715615024,0.5698083801977224,0.6134798917430322,0.6318012018840344
0.8,0.35,0.4,0.05,0.35,0.10918544194107452,0.5485896566448145,0.24989325094818277,0.07048786409799145,0.016610989710228653,0.0052327966577081185,0.10362246916655482,0.05402989431693792,0.08093955315064476,0.04052165168687787,0.5007284717429645,0.5746531752209147,0.627031192414648,0.639624658510512
0.8,0.35,0.4,0.15,0.25,0.2446055553576306,0.48662225230681533,0.19763202584108208,0.05405726364791526,0.01298585628273184,0.00409704656382486,0.12003072957363713,0.16352285113213463,0.1800845878106983,0.03590295343617514,0.5085568636970507,0.581704370744564,0.6269679125105155,0.6357644991212654
0.8,0.35,0.4,0.25,0.15,0.33139644464467133,0.4430219141179878,0.16607288156630548,0.04565786025899757,0.010812252046834704,0.0030386473652031206,0.2022486136384201,0.24880121333203978,0.2624558187585131,0.03696135263479688,0.5226733620940781,0.5879154517437818,0.6266677739024525,0.6350181232380185
0.8,0.35,0.4,0.35,0.05,0.39653501831255167,0.40992057702307866,0.14322323355892003,0.03850686299817062,0.009188074956135921,0.002626233151143085,0.26976127544765893,0.3151911036830169,0.3258835848356902,0.037382585126627746,0.5328836265861597,0.5913591852007337,0.6254571100198516,0.6299426794909162
0.8,0.35,0.5,0.05,0.45,0.1260161801468417,0.5614038541031041,0.23277168671141468,0.061827057457236774,0.013946026809440388,0.0040351947719622855,0.12029520825813762,0.06394324101135004,0.0953141953790027,0.03621199859239903,0.517416432364886,0.5957890677044985,0.6332078981861232,0.6475644699140402
0.8,0.35,0.5,0.15,0.35,0.27029992440005085,0.4877267162191997,0.1809381083956085,0.04712619839299931,0.01088505462598096,0.0030239979661606598,0.14916133433709639,0.18879778978931183,0.2046481434784943,0.03697600203383934,0.5253452799366368,0.6007187830070918,0.6326862636346829,0.6465076660988075
0.8,0.35,0.5,0.25,0.25,0.3578892055215344,0.44009579821742556,0.15142787849390651,0.039127710745973036,0.008993714505143597,0.002465692516016896,0.2323330289896802,0.2765381259801442,0.2885350150617029,0.03754779419352552,0.5324147278066411,0.6028219788294183,0.6301634968301635,0.6443698347107438
0.8,0.35,0.5,0.35,0.15,0.42192421668821983,0.40304527783295563,0.13180393794314021,0.03367156240752077,0.007491578055513891,0.0020634270726496593,0.2974713282710415,0.34192861796631485,0.351226058433839,0.03801941275353619,0.5449033906936077,0.6074711834402848,0.6329775781994894,0.6367686010113172
0.8,0.35,0.5,0.45,0.05,0.4741877879015402,0.37299864039448855,0.11547176958406893,0.028984624958569235,0.0065748087420605126,0.0017823684192725773,0.3512846519976662,0.39572456064031236,0.4033247276004725,0.040909810856722004,0.5546735137833886,0.6081098235496799,0.6315095776463008,0.6382730455075846
0.8,0.35,0.6,0.05,0.55,0.14758119678279125,0.5718682925678704,0.2134820859966507,0.05277496049248768,0.011545628228412388,0.0027478359317876263,0.13707237425206734,0.0797590309751985,0.11350407202727701,0.03909705994370396,0.5375579351126738,0.610896867459941,0.6331897027952712,0.6493854748603352
0.8,0.35,0.6,0.15,0.45,0.301212236367091,0.4846361390841725,0.1638001140034201,0.039452783583507504,0.008831464943948318,0.002067262017860536,0.18221025476491703,0.22037710354169385,0.23456452929323238,0.03795073233811,0.543626362535325,0.6136655898127529,0.6342334818114328,0.6466962049701406
0.8,0.35,0.6,0.25,0.35,0.38752620427564094,0.4337746488346804,0.1367610954788516,0.03285763931706333,0.007348407564768001,0.0017320045289956616,0.26519217526252103,0.30781837024555203,0.31787429407021733,0.03835974999672689,0.5486787103866236,0.6155605520235695,0.6350260256567892,0.646878198567042
0.8,0.35,0.6,0.35,0.25,0.4506046339071982,0.3944739375844677,0.11856831170666643,0.028584299834818788,0.006183253981573903,0.0015855629852750224,0.3289446112170542,0.37232743965153253,0.38022918451101956,0.03860358171630509,0.5575496201911296,0.6163621299655156,0.6349921776056023,0.6274721878862793
0.8,0.35,0.6,0.45,0.15,0.4999087744393277,0.3635229122118184,0.10449340621647461,0.025200148880115018,0.005469884617910862,0.0014048736343533568,0.37916831450414334,0.42298160088634956,0.4296580640302297,0.05570292633070911,0.5649790507890626,0.6171026480094758,0.6362271266936723,0.631624674196351
0.8,0.35,0.6,0.55,0.05,0.5431755566035394,0.33589503338380206,0.09292548834669513,0.02194147285859664,0.004833825609967981,0.0012286231973987938,0.4231233523886789,0.4674096627069188,0.47332047109315406,0.0919134496866813,0.5738667519649059,0.618161329355366,0.635972087743314,0.6320701357466063
0.8,0.35,0.7,0.05,0.65,0.1801234062463446,0.576500175459118,0.1885600655047374,0.04376242835419347,0.009021522985144461,0.0020324014504620423,0.15434653474125182,0.10689766412117341,0.13861789641194527,0.04140956105863906,0.5592174689504018,0.6242518007507355,0.640818858560794,0.644503842298697
0.8,0.35,0.7,0.15,0.55,0.34080128822221833,0.4750669490487109,0.1425970979994049,0.03308070642185777,0.006904941102340154,0.0015490172054679432,0.2244281511022009,0.26189903006540116,0.2730186387456809,0.03857534792384099,0.5630681526372554,0.6266487362758824,0.6397446912974101,0.6436507936507937
0.8,0.35,0.7,0.25,0.45,0.4235698011922225,0.4208732561405699,0.1208077151150089,0.027552198745357512,0.005898692300489997,0.0012983365063512374,0.3042498712930882,0.34582817626658485,0.3539566253981644,0.03891836946766508,0.5657107489168558,0.6267315278972503,0.6394543763563088,0.6461259628454916
0.8,0.35,0.7,0.35,0.35,0.4823851521612716,0.3817745687148672,0.10571816243458035,0.023875751114557083,0.0051075789881760035,0.0011387865865477805,0.3630118646972451,0.4058471897460178,0.412612835204606,0.04511346504765619,0.5712692752021699,0.6262264701775764,0.6400806747341401,0.649279480414045
0.8,0.35,0.7,0.45,0.25,0.5312320080761557,0.34921486201919666,0.09304141395818381,0.020998793308778876,0.004479742572539493,0.0010331800651455522,0.4123070395874626,0.45588058987226976,0.46175327691644424,0.08138111127566584,0.5776576870829095,0.6248023849315687,0.6425786216834789,0.6364319248826291
0.8,0.35,0.7,0.55,0.15,0.5707390417771332,0.3221087156833068,0.08354096048486623,0.018681453933384117,0.00401172247928441,0.0009181056420252879,0.4520565782111983,0.4962618777833117,0.5016160275107849,0.11758566795315936,0.584426635582107,0.6251549074686055,0.6431472485466274,0.6415598290598291
0.8,0.35,0.8,0.05,0.75,0.23227879576144753,0.5667151218392563,0.15783634903025898,0.03500248651543552,0.006790099843158257,0.001377147010443365,0.17960205943646093,0.15730491240995131,0.17850487955534758,0.03933346022645164,0.5825922266139657,0.6321846839245334,0.6501454192922927,0.6584699453551912
0.8,0.35,0.8,0.15,0.65,0.3950957318890476,0.45345981110551575,0.11867054458752556,0.026484281060193418,0.005200250763080275,0.0010893805946373698,0.2811430935091736,0.31904063744856426,0.32675178431845797,0.039205533987516285,0.5850067630839663,0.6330031956122657,0.6475274963193903,0.6554132712456344
0.8,0.35,0.8,0.25,0.55,0.4706477235218518,0.39954772422414336,0.10200082870406135,0.022297757582993308,0.004501689011243688,0.0010042769557064703,0.35439626558983583,0.3954194975833615,0.40171825077663265,0.04079548817791153,0.5856511877760535,0.6337446389650566,0.6463095565959791,0.654488188976378
0.8,0.35,0.8,0.35,0.45,0.5238333368799608,0.36176132615495926,0.09002936607579852,0.019508224629200092,0.003989955950886302,0.0008777903091949865,0.4069992012609281,0.4494722282225746,0.45502461939894834,0.07510900623623087,0.5861617207970263,0.63349068396053,0.645393842699285,0.6558494682301609
0.8,0.35,0.8,0.45,0.35,0.5666725164471572,0.33117319487901653,0.08063708389869322,0.017292521840369477,0.003385738805874321,0.0008389441288892123,0.44959422289272805,0.49304749151839167,0.49814563965065817,0.11382601861285231,0.5907545887151597,0.6334156208398496,0.6456818302457668,0.6410891089108911
0.8,0.35,0.8,0.55,0.25,0.6037914454930594,0.30389432247647763,0.07284261964807498,0.015606581269244782,0.0030898816200267193,0.0007751494931165296,0.48654262027414175,0.5309985944710892,0.5355341668381357,0.14937719546101472,0.5951227304190405,0.6329783482615136,0.6453020792467634,0.6445410849164569
0.8,0.45,0.2,0.05,0.15,0.08506778421555942,0.4672751307869719,0.2975966136018451,0.10634527760589525,0.031754514259998874,0.011960679529729425,0.02497693389381706,0.03892271749156921,0.05595771808061366,0.05296326564453958,0.41320879484212264,0.49470310289824543,0.5938851215651064,0.6112139645596403
0.8,0.45,0.2,0.15,0.05,0.19825002935335828,0.4456911822511729,0.23973270576704153,0.08253653854989305,0.024626191363476255,0.009163352715058018,0.05304092491458206,0.11671355794623922,0.1334868551082731,0.03083664728494198,0.4402986996266255,0.5174558449591093,0.5934711782117076,0.6106506679861454
0.8,0.45,0.3,0.05,0.25,0.09426978136492022,0.48756347015796125,0.2866638234181748,0.09589526116310322,0.02658705570889427,0.00902060818694627,0.0430249831046297,0.04332953566365905,0.06260151672309552,0.0472902869606149,0.43679043960734104,0.5326456510975408,0.6100381765102179,0.6243182008894856
0.8,0.45,0.3,0.15,0.15,0.2171205254590109,0.4541215974770707,0.22761949598135028,0.07379341247738269,0.02048745625428949,0.0068575123508959005,0.07490943765601388,0.13565265053420963,0.15227410682367215,0.0331424876491041,0.44901904438464957,0.5451956584189951,0.6075504610017444,0.6210607225211375
0.8,0.45,0.3,0.25,0.05,0.29885860500048034,0.4266302212053201,0.19130374031735498,0.061082534997249124,0.01661878105651084,0.0055061174230846485,0.1614768211057223,0.21482156285810414,0.22967499293150276,0.03449388257691535,0.4695371398515575,0.5558716967228216,0.6073450196293253,0.619415254843091
0.8,0.45,0.4,0.05,0.35,0.1068401065894172,0.5083052468362069,0.27245294931431807,0.08420378262443944,0.0214850097026081,0.0067129049330102225,0.06278368104284772,0.050001666522167636,0.07101626785475194,0.040551342280969835,0.459111844963935,0.5636758849961641,0.6235005452562704,0.6321534899106848
0.8,0.45,0.4,0.15,0.25,0.23579498728475815,0.46430875896709217,0.2143372259264414,0.06381027087893318,0.016466554485760194,0.005282202457014892,0.0982798789865709,0.15430386512407876,0.17076673068649628,0.03471779754298511,0.46681332832537425,0.5710996362249138,0.6227200283336285,0.630415386140577
0.8,0.45,0.4,0.25,0.15,0.3193037762425381,0.4291223901191035,0.18032252809903893,0.053706773473357415,0.013582399892682272,0.003962132173279802,0.1846556596821285,0.23556580849296144,0.250122237224575,0.0360378678267202,0.4857833060752922,0.5776552155321596,0.6206759126414794,0.6255129348795718
0.8,0.45,0.4,0.35,0.05,0.38431028916662824,0.40022137158142324,0.15525603775615304,0.04518132484742271,0.011595105228366308,0.0034358714200064568,0.2533514073863577,0.3013316202112682,0.31332172954132936,0.03656412857999354,0.49928997159886396,0.5796362449105017,0.6189320989182365,0.6230860837019394
0.8,0.45,0.5,0.05,0.45,0.1223514000327493,0.529130505976748,0.2540800174662955,0.07207030183941925,0.017226133944653676,0.005141640740134272,0.08445721310286153,0.05981249413519728,0.08195151262869156,0.035687620987520235,0.4827801570306924,0.5890738792267541,0.6320085929108485,0.6411693426234475
0.8,0.45,0.5,0.15,0.35,0.2584895051139882,0.47302077624433264,0.1967800024199805,0.05452073709758927,0.013324127917322078,0.0038648512067873337,0.1275709716375609,0.17671663034106305,0.19284267007213693,0.03613514879321267,0.48820111793375004,0.5946161485449457,0.6308460230766448,0.6400783289817232
0.8,0.45,0.5,0.25,0.25,0.3419885870565651,0.4338022983669498,0.1648828463986115,0.045041680910931706,0.011092118757724775,0.003192468509217135,0.21186813244264036,0.25914422627945616,0.2725466586802509,0.03680753149078286,0.49869279035433073,0.5955068440004365,0.6265071770334928,0.6388369920597852
0.8,0.45,0.5,0.35,0.15,0.40636007094501764,0.3994612508639138,0.1435012865029602,0.03897396184623583,0.009117933601458869,0.0025854962404136795,0.27829398507685377,0.3247270577531661,0.3354368485237576,0.037424899902438406,0.5135550501014323,0.5994892907394862,0.6279049525633215,0.6277107146672364
0.8,0.45,0.5,0.45,0.05,0.4604721255973824,0.37057489772676444,0.12524299570263175,0.03346717450618112,0.008027029723750443,0.002215776743289878,0.3346848431402998,0.3804584974353249,0.38896059948013906,0.037838644814575245,0.5266638273071664,0.5992293765377652,0.6260542292794155,0.6283540660018505
0.8,0.45,0.6,0.05,0.55,0.14222448659664524,0.5502429847938548,0.2299080315618958,0.06021058682134086,0.013886711605789831,0.0035271986204734283,0.11116128438670908,0.07462588089331541,0.10050939022616977,0.036472801379526576,0.506108202443281,0.6081671415004748,0.6364566168532303,0.6469950097635062
0.8,0.45,0.6,0.15,0.45,0.2852384178603691,0.4796586656342754,0.17720834946444702,0.04473157826816363,0.01049328945670409,0.0026696993160407793,0.161001656823655,0.2034513933645175,0.21883382325112086,0.03733030068395922,0.5103068005089778,0.6101563813687574,0.6376132174229666,0.6458708979444645
0.8,0.45,0.6,0.25,0.35,0.36810824039436424,0.4349951636774697,0.14850423615238495,0.0374319710053724,0.008798610868323835,0.0021617779020848627,0.24258332650529077,0.2869287611407791,0.29854841436592433,0.0378572897521318,0.5166682495963529,0.6113217151353596,0.6366632661068822,0.6469489414694894
0.8,0.45,0.6,0.35,0.25,0.4305054765630315,0.39888427784203007,0.12848946640361023,0.032655282672290634,0.007388257704605755,0.002077238814431821,0.30656964259262787,0.35083848433135156,0.3597366570065482,0.03801259020055313,0.528803202697008,0.6113271478600991,0.6333215672432051,0.6284722222222222
0.8,0.45,0.6,0.45,0.15,0.48215897734998125,0.3675492137319222,0.11319436962958285,0.028746243262018776,0.006534587994041228,0.0018166080324537582,0.3594172019620333,0.4038946810010811,0.4112735883083565,0.044283188454709306,0.5391365986331661,0.6112919201924437,0.6339678372169347,0.6320754716981132
0.8,0.45,0.6,0.55,0.05,0.5296602721840004,0.33824323306382764,0.10002259830261638,0.024820469040325414,0.005671546226083463,0.0015818811831466882,0.40788155009525084,0.4527103624419864,0.45911961328392087,0.07966957315216269,0.5515128530286689,0.6120519268421688,0.6340215890548513,0.629742033383915
0.8,0.45,0.7,0.05,0.65,0.17216920299200414,0.5637412948155791,0.20199251998968273,0.049119809130771214,0.010462342017023472,0.0025148310549393863,0.13588827578962548,0.09939362368482914,0.12715251391683713,0.03767141061517096,0.5347378277153558,0.6230483271375464,0.6409417398244214,0.6396455530029537
0.8,0.45,0.7,0.15,0.55,0.31947138028481187,0.4790454553850132,0.15445780462126668,0.037125283980717017,0.008016106093348848,0.001883969634842356,0.20104528226230672,0.239287450297105,0.25217473802740836,0.03816762510073776,0.5353973347208973,0.6247108266502159,0.6411958146487294,0.6368159203980099
0.8,0.45,0.7,0.25,0.45,0.39865825599131355,0.43016597295829995,0.13184121403272925,0.03091310979550684,0.00684444559344381,0.0015770016287066002,0.27724256104139705,0.3195253369234723,0.3289570169194208,0.03855235826059349,0.5381472714892513,0.6238261940892769,0.639590175989019,0.6399749111436337
0.8,0.45,0.7,0.35,0.35,0.45816833894066156,0.3918232252558033,0.11574418673891684,0.02693502446383025,0.005954684848304403,0.0013745397524835999,0.3369495449181228,0.38025618278272494,0.3879297240862821,0.03883671914579047,0.5449957219135502,0.6226871493522118,0.6378563772775991,0.6433308769344142
0.8,0.45,0.7,0.45,0.25,0.5088824295880525,0.3594747920216498,0.1013370752731282,0.02375864488323143,0.005175904580535231,0.0013711536534028266,0.3885987835704559,0.43236563331420236,0.4388241013648252,0.062489611849618855,0.5539912391276944,0.6209319444134639,0.6388669093210951,0.6334795815052312
0.8,0.45,0.7,0.55,0.15,0.5527264533573681,0.3298816866546044,0.09048381346982975,0.02106973021328688,0.004657873319298057,0.0011804429856127206,0.43280392047319777,0.47721211929503166,0.4829923438473639,0.10066623801703378,0.5641523325078642,0.6205588802006341,0.6392863779966549,0.6367118914604948
0.8,0.45,0.8,0.05,0.75,0.21874869481685671,0.5666374305642567,0.16687549596959445,0.03846635759929833,0.007622269556864219,0.001649751493129516,0.16881869823954526,0.1431678492644939,0.16645555952635435,0.03899295637796993,0.565727923627685,0.6323431856711137,0.6486046802652985,0.6482084690553745
0.8,0.45,0.8,0.15,0.65,0.365217952302101,0.4695705468699598,0.12852411776090836,0.029429474634954086,0.005956861142771123,0.0013010472893056064,0.2516998537260114,0.28819273787519245,0.29710326590133124,0.038909586385920306,0.563357475122181,0.6328455954752582,0.6479544884129507,0.6452320058458166
0.8,0.45,0.8,0.25,0.55,0.4382284045229764,0.41890309147170246,0.11154168715116111,0.02492119494490876,0.005205471528962665,0.0012001503802886145,0.3215159418064353,0.36198978903681783,0.3690884372422616,0.039094959186214855,0.5620648695020952,0.6324709618404929,0.6460980036297641,0.6472294749057151
0.8,0.45,0.8,0.35,0.45,0.49297334266964127,0.38066624327595844,0.09868803161317288,0.022038029170534178,0.004619301188208026,0.001015052082485195,0.37561698120112713,0.41766027154064184,0.42377090294416553,0.05134217964446139,0.5629108446470452,0.631978211581514,0.6420438919751389,0.6482758620689655
0.8,0.45,0.8,0.45,0.35,0.5391353796333677,0.3476843471504165,0.08861946372527316,0.019555752343000516,0.00395890036333329,0.0010461567846089066,0.4213280846926857,0.4645483013761416,0.47009389384750316,0.08840986990029238,0.56896593370317,0.6312753605093951,0.6447710017144257,0.6423973362930078
0.8,0.45,0.8,0.55,0.25,0.5813595272966012,0.31724227492118,0.07940435908720339,0.017549618706125952,0.003495494455546978,0.0009487255333424718,0.46341863872646494,0.5075103982657629,0.5126071075568319,0.12765500492969137,0.5760823027903773,0.6305489857181843,0.6441032164274032,0.6411099691675232
