Line,division,Gene_name,position,mutation,N_samples,Lower_CF_95,Upper_CF_95
C3H,0,Braf,6:37548568,A/T,4,1.09,10.24
C3H,1,Braf,6:37548568,A/T,69,53.69,87.32
C3H,2,Braf,6:37548568,A/T,27,17.79,39.28
C3H,3,Braf,6:37548568,A/T,14,7.65,23.49
C3H,4,Braf,6:37548568,A/T,1,0.03,5.57
C3H,5,Braf,6:37548568,A/T,2,0.24,7.22
C3H,0,Egfr,11:14185624,T/A,0,0,3.69
C3H,1,Egfr,11:14185624,T/A,4,1.09,10.24
C3H,2,Egfr,11:14185624,T/A,16,9.15,25.98
C3H,3,Egfr,11:14185624,T/A,5,1.62,11.67
C3H,4,Egfr,11:14185624,T/A,1,0.03,5.57
C3H,5,Egfr,11:14185624,T/A,0,0,3.69
C3H,0,Hras0,7:145859242,T/A,12,6.2,20.96
C3H,1,Hras0,7:145859242,T/A,21,13,32.1
C3H,2,Hras0,7:145859242,T/A,11,5.49,19.68
C3H,3,Hras0,7:145859242,T/A,1,0.03,5.57
C3H,4,Hras0,7:145859242,T/A,2,0.24,7.22
C3H,5,Hras0,7:145859242,T/A,2,0.24,7.22
C3H,0,Hras1,7:145859242,T/C,1,0.03,5.57
C3H,1,Hras1,7:145859242,T/C,36,25.21,49.84
C3H,2,Hras1,7:145859242,T/C,18,10.67,28.45
C3H,3,Hras1,7:145859242,T/C,10,4.8,18.39
C3H,4,Hras1,7:145859242,T/C,2,0.24,7.22
C3H,5,Hras1,7:145859242,T/C,1,0.03,5.57