driver_ID(by_C3H_coord),division,mice_line,N_samples,Gene_name,Gene_strand,Lower_CF_99,Upper_CF_99,Lower_CF_95,Upper_CF_95
11:14185624_T/A,0,C3H,0,Egfr,+,0,5.3,0,3.69
7:145859242_T/C,0,C3H,1,Hras1,-,0.01,7.43,0.03,5.57
7:145859242_T/A,3,C3H,2,Hras0,-,0.1,9.27,0.24,7.22
11:14185624_T/A,3,C3H,2,Egfr,+,0.1,9.27,0.24,7.22
11:14185624_T/A,4,C3H,2,Egfr,+,0.1,9.27,0.24,7.22
7:145859242_T/A,4,C3H,3,Hras0,-,0.34,10.98,0.62,8.77
11:14185624_T/A,5,C3H,3,Egfr,+,0.34,10.98,0.62,8.77
6:37548568_A/T,0,C3H,4,Braf,-,0.67,12.59,1.09,10.24
11:14185624_T/A,1,C3H,4,Egfr,+,0.67,12.59,1.09,10.24
7:145859242_T/A,5,C3H,5,Hras0,-,1.08,14.15,1.62,11.67
7:145859242_T/A,2,C3H,8,Hras0,-,2.57,18.58,3.45,15.76
6:37548568_A/T,3,C3H,8,Braf,-,2.57,18.58,3.45,15.76
7:145859242_T/C,3,C3H,8,Hras1,-,2.57,18.58,3.45,15.76
7:145859242_T/C,4,C3H,9,Hras1,-,3.13,20,4.12,17.08
6:37548568_A/T,4,C3H,9,Braf,-,3.13,20,4.12,17.08
7:145859242_T/C,5,C3H,9,Hras1,-,3.13,20,4.12,17.08
6:37548568_A/T,5,C3H,11,Braf,-,4.32,22.78,5.49,19.68
7:145859242_T/A,0,C3H,12,Hras0,-,4.94,24.14,6.2,20.96
11:14185624_T/A,2,C3H,12,Egfr,+,4.94,24.14,6.2,20.96
7:145859242_T/A,1,C3H,16,Hras0,-,7.57,29.48,9.15,25.98
7:145859242_T/C,2,C3H,16,Hras1,-,7.57,29.48,9.15,25.98
7:145859242_T/C,1,C3H,23,Hras1,-,12.52,38.48,14.58,34.51
6:37548568_A/T,2,C3H,30,Braf,-,17.77,47.21,20.24,42.83
6:37548568_A/T,1,C3H,47,Braf,-,31.22,67.72,34.53,62.5